-12,-7,KpXh8p9j98z1cCg/O5uwqqbuciM=,Nv7qYL7qCwzkr4b8OwxaJR5LvbI=
-13,-3,bwfhsPNBUmn9w69ct4W+ryN+TNg=,Nv7qYL7qCwzkr4b8OwxaJR5LvbI=
-13,-5,bwfhsPNBUmn9w69ct4W+ryN+TNg=,Nv7qYL7qCwzkr4b8OwxaJR5LvbI=
-14,-3,bwfhsPNBUmn9w69ct4W+ryN+TNg=,Nv7qYL7qCwzkr4b8OwxaJR5LvbI=
-14,-7,bwfhsPNBUmn9w69ct4W+ryN+TNg=,Nv7qYL7qCwzkr4b8OwxaJR5LvbI=
-15,-7,bwfhsPNBUmn9w69ct4W+ryN+TNg=,Nv7qYL7qCwzkr4b8OwxaJR5LvbI=
-13,-2,bwfhsPNBUmn9w69ct4W+ryN+TNg=,Nv7qYL7qCwzkr4b8OwxaJR5LvbI=
-14,-2,bwfhsPNBUmn9w69ct4W+ryN+TNg=,Nv7qYL7qCwzkr4b8OwxaJR5LvbI=
-10,-4,bwfhsPNBUmn9w69ct4W+ryN+TNg=,Nv7qYL7qCwzkr4b8OwxaJR5LvbI=
-15,-2,bwfhsPNBUmn9w69ct4W+ryN+TNg=,Nv7qYL7qCwzkr4b8OwxaJR5LvbI=
-11,-4,bwfhsPNBUmn9w69ct4W+ryN+TNg=,Nv7qYL7qCwzkr4b8OwxaJR5LvbI=
-12,-4,bwfhsPNBUmn9w69ct4W+ryN+TNg=,Nv7qYL7qCwzkr4b8OwxaJR5LvbI=
-13,-6,bwfhsPNBUmn9w69ct4W+ryN+TNg=,Nv7qYL7qCwzkr4b8OwxaJR5LvbI=
-14,-6,bwfhsPNBUmn9w69ct4W+ryN+TNg=,Nv7qYL7qCwzkr4b8OwxaJR5LvbI=
-14,-4,bwfhsPNBUmn9w69ct4W+ryN+TNg=,Nv7qYL7qCwzkr4b8OwxaJR5LvbI=
-10,-5,bwfhsPNBUmn9w69ct4W+ryN+TNg=,Nv7qYL7qCwzkr4b8OwxaJR5LvbI=
-10,-3,bwfhsPNBUmn9w69ct4W+ryN+TNg=,Nv7qYL7qCwzkr4b8OwxaJR5LvbI=
-15,-4,bwfhsPNBUmn9w69ct4W+ryN+TNg=,Nv7qYL7qCwzkr4b8OwxaJR5LvbI=
-15,-3,bwfhsPNBUmn9w69ct4W+ryN+TNg=,Nv7qYL7qCwzkr4b8OwxaJR5LvbI=
-15,-6,bwfhsPNBUmn9w69ct4W+ryN+TNg=,Nv7qYL7qCwzkr4b8OwxaJR5LvbI=
-11,-2,bwfhsPNBUmn9w69ct4W+ryN+TNg=,Nv7qYL7qCwzkr4b8OwxaJR5LvbI=
-10,-2,bwfhsPNBUmn9w69ct4W+ryN+TNg=,Nv7qYL7qCwzkr4b8OwxaJR5LvbI=
-13,-7,bwfhsPNBUmn9w69ct4W+ryN+TNg=,Nv7qYL7qCwzkr4b8OwxaJR5LvbI=
-13,-4,bwfhsPNBUmn9w69ct4W+ryN+TNg=,Nv7qYL7qCwzkr4b8OwxaJR5LvbI=
-14,-5,bwfhsPNBUmn9w69ct4W+ryN+TNg=,Nv7qYL7qCwzkr4b8OwxaJR5LvbI=
-12,-9,bwfhsPNBUmn9w69ct4W+ryN+TNg=,3GuwXYnIvpB0uuAVM5Ktm3ZurOI=
-11,-5,bwfhsPNBUmn9w69ct4W+ryN+TNg=,Nv7qYL7qCwzkr4b8OwxaJR5LvbI=
-12,-14,bwfhsPNBUmn9w69ct4W+ryN+TNg=,3GuwXYnIvpB0uuAVM5Ktm3ZurOI=
-12,-10,bwfhsPNBUmn9w69ct4W+ryN+TNg=,3GuwXYnIvpB0uuAVM5Ktm3ZurOI=
-11,-9,bwfhsPNBUmn9w69ct4W+ryN+TNg=,3GuwXYnIvpB0uuAVM5Ktm3ZurOI=
-12,-5,bwfhsPNBUmn9w69ct4W+ryN+TNg=,Nv7qYL7qCwzkr4b8OwxaJR5LvbI=
-13,-9,bwfhsPNBUmn9w69ct4W+ryN+TNg=,3GuwXYnIvpB0uuAVM5Ktm3ZurOI=
-11,-10,bwfhsPNBUmn9w69ct4W+ryN+TNg=,3GuwXYnIvpB0uuAVM5Ktm3ZurOI=
-11,-3,bwfhsPNBUmn9w69ct4W+ryN+TNg=,Nv7qYL7qCwzkr4b8OwxaJR5LvbI=
-13,-10,bwfhsPNBUmn9w69ct4W+ryN+TNg=,3GuwXYnIvpB0uuAVM5Ktm3ZurOI=
-12,-3,bwfhsPNBUmn9w69ct4W+ryN+TNg=,Nv7qYL7qCwzkr4b8OwxaJR5LvbI=
-11,-14,bwfhsPNBUmn9w69ct4W+ryN+TNg=,3GuwXYnIvpB0uuAVM5Ktm3ZurOI=
-12,-2,bwfhsPNBUmn9w69ct4W+ryN+TNg=,Nv7qYL7qCwzkr4b8OwxaJR5LvbI=
-13,-11,bwfhsPNBUmn9w69ct4W+ryN+TNg=,3GuwXYnIvpB0uuAVM5Ktm3ZurOI=
-12,-13,bwfhsPNBUmn9w69ct4W+ryN+TNg=,3GuwXYnIvpB0uuAVM5Ktm3ZurOI=
-10,-6,bwfhsPNBUmn9w69ct4W+ryN+TNg=,Nv7qYL7qCwzkr4b8OwxaJR5LvbI=
-15,-5,bwfhsPNBUmn9w69ct4W+ryN+TNg=,Nv7qYL7qCwzkr4b8OwxaJR5LvbI=
-12,-11,bwfhsPNBUmn9w69ct4W+ryN+TNg=,3GuwXYnIvpB0uuAVM5Ktm3ZurOI=
-11,-6,bwfhsPNBUmn9w69ct4W+ryN+TNg=,Nv7qYL7qCwzkr4b8OwxaJR5LvbI=
-14,-9,bwfhsPNBUmn9w69ct4W+ryN+TNg=,3GuwXYnIvpB0uuAVM5Ktm3ZurOI=
-10,-10,bwfhsPNBUmn9w69ct4W+ryN+TNg=,3GuwXYnIvpB0uuAVM5Ktm3ZurOI=
-15,-15,bwfhsPNBUmn9w69ct4W+ryN+TNg=,3GuwXYnIvpB0uuAVM5Ktm3ZurOI=
-14,-15,bwfhsPNBUmn9w69ct4W+ryN+TNg=,3GuwXYnIvpB0uuAVM5Ktm3ZurOI=
-10,-8,bwfhsPNBUmn9w69ct4W+ryN+TNg=,Nv7qYL7qCwzkr4b8OwxaJR5LvbI=
-10,-9,bwfhsPNBUmn9w69ct4W+ryN+TNg=,3GuwXYnIvpB0uuAVM5Ktm3ZurOI=
-11,-11,bwfhsPNBUmn9w69ct4W+ryN+TNg=,3GuwXYnIvpB0uuAVM5Ktm3ZurOI=
-12,-15,bwfhsPNBUmn9w69ct4W+ryN+TNg=,3GuwXYnIvpB0uuAVM5Ktm3ZurOI=
-14,-11,bwfhsPNBUmn9w69ct4W+ryN+TNg=,3GuwXYnIvpB0uuAVM5Ktm3ZurOI=
-10,-7,bwfhsPNBUmn9w69ct4W+ryN+TNg=,Nv7qYL7qCwzkr4b8OwxaJR5LvbI=
-11,-7,bwfhsPNBUmn9w69ct4W+ryN+TNg=,Nv7qYL7qCwzkr4b8OwxaJR5LvbI=
-15,-11,bwfhsPNBUmn9w69ct4W+ryN+TNg=,3GuwXYnIvpB0uuAVM5Ktm3ZurOI=
-11,-8,bwfhsPNBUmn9w69ct4W+ryN+TNg=,Nv7qYL7qCwzkr4b8OwxaJR5LvbI=
-14,-10,bwfhsPNBUmn9w69ct4W+ryN+TNg=,3GuwXYnIvpB0uuAVM5Ktm3ZurOI=
-10,-12,bwfhsPNBUmn9w69ct4W+ryN+TNg=,3GuwXYnIvpB0uuAVM5Ktm3ZurOI=
-12,-8,bwfhsPNBUmn9w69ct4W+ryN+TNg=,Nv7qYL7qCwzkr4b8OwxaJR5LvbI=
-13,-15,bwfhsPNBUmn9w69ct4W+ryN+TNg=,3GuwXYnIvpB0uuAVM5Ktm3ZurOI=
-15,-10,bwfhsPNBUmn9w69ct4W+ryN+TNg=,3GuwXYnIvpB0uuAVM5Ktm3ZurOI=
-13,-14,bwfhsPNBUmn9w69ct4W+ryN+TNg=,3GuwXYnIvpB0uuAVM5Ktm3ZurOI=
-13,-8,bwfhsPNBUmn9w69ct4W+ryN+TNg=,Nv7qYL7qCwzkr4b8OwxaJR5LvbI=
-14,-14,bwfhsPNBUmn9w69ct4W+ryN+TNg=,3GuwXYnIvpB0uuAVM5Ktm3ZurOI=
-12,-6,bwfhsPNBUmn9w69ct4W+ryN+TNg=,Nv7qYL7qCwzkr4b8OwxaJR5LvbI=
-11,-12,bwfhsPNBUmn9w69ct4W+ryN+TNg=,3GuwXYnIvpB0uuAVM5Ktm3ZurOI=
-11,-13,bwfhsPNBUmn9w69ct4W+ryN+TNg=,3GuwXYnIvpB0uuAVM5Ktm3ZurOI=
-12,-12,bwfhsPNBUmn9w69ct4W+ryN+TNg=,3GuwXYnIvpB0uuAVM5Ktm3ZurOI=
-10,-13,bwfhsPNBUmn9w69ct4W+ryN+TNg=,3GuwXYnIvpB0uuAVM5Ktm3ZurOI=
-13,-13,bwfhsPNBUmn9w69ct4W+ryN+TNg=,3GuwXYnIvpB0uuAVM5Ktm3ZurOI=
-14,-12,bwfhsPNBUmn9w69ct4W+ryN+TNg=,3GuwXYnIvpB0uuAVM5Ktm3ZurOI=
-4,-13,bwfhsPNBUmn9w69ct4W+ryN+TNg=,Be5QKZKX6+y6fOVGgzn/qs3u25w=
-10,-11,bwfhsPNBUmn9w69ct4W+ryN+TNg=,3GuwXYnIvpB0uuAVM5Ktm3ZurOI=
-15,-12,bwfhsPNBUmn9w69ct4W+ryN+TNg=,3GuwXYnIvpB0uuAVM5Ktm3ZurOI=
-5,-13,bwfhsPNBUmn9w69ct4W+ryN+TNg=,Be5QKZKX6+y6fOVGgzn/qs3u25w=
-11,-15,bwfhsPNBUmn9w69ct4W+ryN+TNg=,3GuwXYnIvpB0uuAVM5Ktm3ZurOI=
-6,-13,bwfhsPNBUmn9w69ct4W+ryN+TNg=,Be5QKZKX6+y6fOVGgzn/qs3u25w=
-3,-13,bwfhsPNBUmn9w69ct4W+ryN+TNg=,Be5QKZKX6+y6fOVGgzn/qs3u25w=
-15,-8,bwfhsPNBUmn9w69ct4W+ryN+TNg=,Nv7qYL7qCwzkr4b8OwxaJR5LvbI=
-15,-9,bwfhsPNBUmn9w69ct4W+ryN+TNg=,3GuwXYnIvpB0uuAVM5Ktm3ZurOI=
-14,-13,bwfhsPNBUmn9w69ct4W+ryN+TNg=,3GuwXYnIvpB0uuAVM5Ktm3ZurOI=
-2,-13,bwfhsPNBUmn9w69ct4W+ryN+TNg=,Be5QKZKX6+y6fOVGgzn/qs3u25w=
-7,-13,bwfhsPNBUmn9w69ct4W+ryN+TNg=,Be5QKZKX6+y6fOVGgzn/qs3u25w=
-10,-14,bwfhsPNBUmn9w69ct4W+ryN+TNg=,3GuwXYnIvpB0uuAVM5Ktm3ZurOI=
-15,-13,bwfhsPNBUmn9w69ct4W+ryN+TNg=,3GuwXYnIvpB0uuAVM5Ktm3ZurOI=
-8,-12,bwfhsPNBUmn9w69ct4W+ryN+TNg=,Be5QKZKX6+y6fOVGgzn/qs3u25w=
-8,-13,bwfhsPNBUmn9w69ct4W+ryN+TNg=,Be5QKZKX6+y6fOVGgzn/qs3u25w=
-4,-3,bwfhsPNBUmn9w69ct4W+ryN+TNg=,bcldbr4ehUdaDO0epcz7CG67kRI=
-7,-12,bwfhsPNBUmn9w69ct4W+ryN+TNg=,Be5QKZKX6+y6fOVGgzn/qs3u25w=
-3,-3,bwfhsPNBUmn9w69ct4W+ryN+TNg=,bcldbr4ehUdaDO0epcz7CG67kRI=
-15,-14,bwfhsPNBUmn9w69ct4W+ryN+TNg=,3GuwXYnIvpB0uuAVM5Ktm3ZurOI=
-14,-8,bwfhsPNBUmn9w69ct4W+ryN+TNg=,Nv7qYL7qCwzkr4b8OwxaJR5LvbI=
-2,-3,bwfhsPNBUmn9w69ct4W+ryN+TNg=,bcldbr4ehUdaDO0epcz7CG67kRI=
-8,-2,bwfhsPNBUmn9w69ct4W+ryN+TNg=,bcldbr4ehUdaDO0epcz7CG67kRI=
-13,-12,bwfhsPNBUmn9w69ct4W+ryN+TNg=,3GuwXYnIvpB0uuAVM5Ktm3ZurOI=
-4,-14,bwfhsPNBUmn9w69ct4W+ryN+TNg=,Be5QKZKX6+y6fOVGgzn/qs3u25w=
-5,-14,bwfhsPNBUmn9w69ct4W+ryN+TNg=,Be5QKZKX6+y6fOVGgzn/qs3u25w=
-5,-3,bwfhsPNBUmn9w69ct4W+ryN+TNg=,bcldbr4ehUdaDO0epcz7CG67kRI=
-8,-8,bwfhsPNBUmn9w69ct4W+ryN+TNg=,bcldbr4ehUdaDO0epcz7CG67kRI=
-6,-14,bwfhsPNBUmn9w69ct4W+ryN+TNg=,Be5QKZKX6+y6fOVGgzn/qs3u25w=
-9,-12,bwfhsPNBUmn9w69ct4W+ryN+TNg=,3GuwXYnIvpB0uuAVM5Ktm3ZurOI=
-8,-4,bwfhsPNBUmn9w69ct4W+ryN+TNg=,bcldbr4ehUdaDO0epcz7CG67kRI=
-7,-14,bwfhsPNBUmn9w69ct4W+ryN+TNg=,Be5QKZKX6+y6fOVGgzn/qs3u25w=
-2,-15,bwfhsPNBUmn9w69ct4W+ryN+TNg=,Be5QKZKX6+y6fOVGgzn/qs3u25w=
-7,-4,bwfhsPNBUmn9w69ct4W+ryN+TNg=,bcldbr4ehUdaDO0epcz7CG67kRI=
-8,-14,bwfhsPNBUmn9w69ct4W+ryN+TNg=,Be5QKZKX6+y6fOVGgzn/qs3u25w=
-3,-15,bwfhsPNBUmn9w69ct4W+ryN+TNg=,Be5QKZKX6+y6fOVGgzn/qs3u25w=
-7,-2,bwfhsPNBUmn9w69ct4W+ryN+TNg=,bcldbr4ehUdaDO0epcz7CG67kRI=
-4,-15,bwfhsPNBUmn9w69ct4W+ryN+TNg=,Be5QKZKX6+y6fOVGgzn/qs3u25w=
-9,-15,bwfhsPNBUmn9w69ct4W+ryN+TNg=,3GuwXYnIvpB0uuAVM5Ktm3ZurOI=
-5,-15,bwfhsPNBUmn9w69ct4W+ryN+TNg=,Be5QKZKX6+y6fOVGgzn/qs3u25w=
-2,-14,bwfhsPNBUmn9w69ct4W+ryN+TNg=,Be5QKZKX6+y6fOVGgzn/qs3u25w=
-10,-15,bwfhsPNBUmn9w69ct4W+ryN+TNg=,3GuwXYnIvpB0uuAVM5Ktm3ZurOI=
-3,-10,bwfhsPNBUmn9w69ct4W+ryN+TNg=,Be5QKZKX6+y6fOVGgzn/qs3u25w=
-2,-10,bwfhsPNBUmn9w69ct4W+ryN+TNg=,Be5QKZKX6+y6fOVGgzn/qs3u25w=
-3,-14,bwfhsPNBUmn9w69ct4W+ryN+TNg=,Be5QKZKX6+y6fOVGgzn/qs3u25w=
-9,-13,bwfhsPNBUmn9w69ct4W+ryN+TNg=,3GuwXYnIvpB0uuAVM5Ktm3ZurOI=
-4,-10,bwfhsPNBUmn9w69ct4W+ryN+TNg=,Be5QKZKX6+y6fOVGgzn/qs3u25w=
-9,-11,bwfhsPNBUmn9w69ct4W+ryN+TNg=,3GuwXYnIvpB0uuAVM5Ktm3ZurOI=
-9,-14,bwfhsPNBUmn9w69ct4W+ryN+TNg=,3GuwXYnIvpB0uuAVM5Ktm3ZurOI=
-6,-12,bwfhsPNBUmn9w69ct4W+ryN+TNg=,Be5QKZKX6+y6fOVGgzn/qs3u25w=
-2,-9,bwfhsPNBUmn9w69ct4W+ryN+TNg=,Be5QKZKX6+y6fOVGgzn/qs3u25w=
-6,-7,bwfhsPNBUmn9w69ct4W+ryN+TNg=,bcldbr4ehUdaDO0epcz7CG67kRI=
-7,-15,bwfhsPNBUmn9w69ct4W+ryN+TNg=,Be5QKZKX6+y6fOVGgzn/qs3u25w=
-6,-15,bwfhsPNBUmn9w69ct4W+ryN+TNg=,Be5QKZKX6+y6fOVGgzn/qs3u25w=
-5,-10,bwfhsPNBUmn9w69ct4W+ryN+TNg=,Be5QKZKX6+y6fOVGgzn/qs3u25w=
-5,-12,bwfhsPNBUmn9w69ct4W+ryN+TNg=,Be5QKZKX6+y6fOVGgzn/qs3u25w=
-3,-12,bwfhsPNBUmn9w69ct4W+ryN+TNg=,Be5QKZKX6+y6fOVGgzn/qs3u25w=
-4,-12,bwfhsPNBUmn9w69ct4W+ryN+TNg=,Be5QKZKX6+y6fOVGgzn/qs3u25w=
-2,-12,bwfhsPNBUmn9w69ct4W+ryN+TNg=,Be5QKZKX6+y6fOVGgzn/qs3u25w=
-6,-11,bwfhsPNBUmn9w69ct4W+ryN+TNg=,Be5QKZKX6+y6fOVGgzn/qs3u25w=
-8,-11,bwfhsPNBUmn9w69ct4W+ryN+TNg=,Be5QKZKX6+y6fOVGgzn/qs3u25w=
-7,-11,bwfhsPNBUmn9w69ct4W+ryN+TNg=,Be5QKZKX6+y6fOVGgzn/qs3u25w=
-5,-11,bwfhsPNBUmn9w69ct4W+ryN+TNg=,Be5QKZKX6+y6fOVGgzn/qs3u25w=
-3,-11,bwfhsPNBUmn9w69ct4W+ryN+TNg=,Be5QKZKX6+y6fOVGgzn/qs3u25w=
-4,-11,bwfhsPNBUmn9w69ct4W+ryN+TNg=,Be5QKZKX6+y6fOVGgzn/qs3u25w=
-2,-11,bwfhsPNBUmn9w69ct4W+ryN+TNg=,Be5QKZKX6+y6fOVGgzn/qs3u25w=
-8,-10,bwfhsPNBUmn9w69ct4W+ryN+TNg=,Be5QKZKX6+y6fOVGgzn/qs3u25w=
-9,-10,bwfhsPNBUmn9w69ct4W+ryN+TNg=,3GuwXYnIvpB0uuAVM5Ktm3ZurOI=
-7,-10,bwfhsPNBUmn9w69ct4W+ryN+TNg=,Be5QKZKX6+y6fOVGgzn/qs3u25w=
-8,-15,bwfhsPNBUmn9w69ct4W+ryN+TNg=,Be5QKZKX6+y6fOVGgzn/qs3u25w=
-6,-10,bwfhsPNBUmn9w69ct4W+ryN+TNg=,Be5QKZKX6+y6fOVGgzn/qs3u25w=
-6,-2,bwfhsPNBUmn9w69ct4W+ryN+TNg=,bcldbr4ehUdaDO0epcz7CG67kRI=
-9,-7,bwfhsPNBUmn9w69ct4W+ryN+TNg=,Nv7qYL7qCwzkr4b8OwxaJR5LvbI=
-4,-8,bwfhsPNBUmn9w69ct4W+ryN+TNg=,bcldbr4ehUdaDO0epcz7CG67kRI=
-5,-2,bwfhsPNBUmn9w69ct4W+ryN+TNg=,bcldbr4ehUdaDO0epcz7CG67kRI=
-6,-4,bwfhsPNBUmn9w69ct4W+ryN+TNg=,bcldbr4ehUdaDO0epcz7CG67kRI=
-8,-6,bwfhsPNBUmn9w69ct4W+ryN+TNg=,bcldbr4ehUdaDO0epcz7CG67kRI=
-3,-8,bwfhsPNBUmn9w69ct4W+ryN+TNg=,bcldbr4ehUdaDO0epcz7CG67kRI=
-4,-2,bwfhsPNBUmn9w69ct4W+ryN+TNg=,bcldbr4ehUdaDO0epcz7CG67kRI=
-2,-2,bwfhsPNBUmn9w69ct4W+ryN+TNg=,bcldbr4ehUdaDO0epcz7CG67kRI=
-3,-2,bwfhsPNBUmn9w69ct4W+ryN+TNg=,bcldbr4ehUdaDO0epcz7CG67kRI=
-9,-6,bwfhsPNBUmn9w69ct4W+ryN+TNg=,Nv7qYL7qCwzkr4b8OwxaJR5LvbI=
-5,-4,bwfhsPNBUmn9w69ct4W+ryN+TNg=,bcldbr4ehUdaDO0epcz7CG67kRI=
-2,-8,bwfhsPNBUmn9w69ct4W+ryN+TNg=,bcldbr4ehUdaDO0epcz7CG67kRI=
-7,-6,bwfhsPNBUmn9w69ct4W+ryN+TNg=,bcldbr4ehUdaDO0epcz7CG67kRI=
-5,-7,bwfhsPNBUmn9w69ct4W+ryN+TNg=,bcldbr4ehUdaDO0epcz7CG67kRI=
-6,-6,bwfhsPNBUmn9w69ct4W+ryN+TNg=,bcldbr4ehUdaDO0epcz7CG67kRI=
-4,-4,bwfhsPNBUmn9w69ct4W+ryN+TNg=,bcldbr4ehUdaDO0epcz7CG67kRI=
-9,-9,bwfhsPNBUmn9w69ct4W+ryN+TNg=,3GuwXYnIvpB0uuAVM5Ktm3ZurOI=
-5,-6,bwfhsPNBUmn9w69ct4W+ryN+TNg=,bcldbr4ehUdaDO0epcz7CG67kRI=
-7,-8,bwfhsPNBUmn9w69ct4W+ryN+TNg=,bcldbr4ehUdaDO0epcz7CG67kRI=
-8,-5,bwfhsPNBUmn9w69ct4W+ryN+TNg=,bcldbr4ehUdaDO0epcz7CG67kRI=
-4,-7,bwfhsPNBUmn9w69ct4W+ryN+TNg=,bcldbr4ehUdaDO0epcz7CG67kRI=
-2,-4,bwfhsPNBUmn9w69ct4W+ryN+TNg=,bcldbr4ehUdaDO0epcz7CG67kRI=
-7,-5,bwfhsPNBUmn9w69ct4W+ryN+TNg=,bcldbr4ehUdaDO0epcz7CG67kRI=
-5,-5,bwfhsPNBUmn9w69ct4W+ryN+TNg=,bcldbr4ehUdaDO0epcz7CG67kRI=
-6,-5,bwfhsPNBUmn9w69ct4W+ryN+TNg=,bcldbr4ehUdaDO0epcz7CG67kRI=
-4,-6,bwfhsPNBUmn9w69ct4W+ryN+TNg=,bcldbr4ehUdaDO0epcz7CG67kRI=
-4,-5,bwfhsPNBUmn9w69ct4W+ryN+TNg=,bcldbr4ehUdaDO0epcz7CG67kRI=
-3,-6,bwfhsPNBUmn9w69ct4W+ryN+TNg=,bcldbr4ehUdaDO0epcz7CG67kRI=
-8,-3,bwfhsPNBUmn9w69ct4W+ryN+TNg=,bcldbr4ehUdaDO0epcz7CG67kRI=
-2,-7,bwfhsPNBUmn9w69ct4W+ryN+TNg=,bcldbr4ehUdaDO0epcz7CG67kRI=
-3,-7,bwfhsPNBUmn9w69ct4W+ryN+TNg=,bcldbr4ehUdaDO0epcz7CG67kRI=
-3,-5,bwfhsPNBUmn9w69ct4W+ryN+TNg=,bcldbr4ehUdaDO0epcz7CG67kRI=
-6,-8,bwfhsPNBUmn9w69ct4W+ryN+TNg=,bcldbr4ehUdaDO0epcz7CG67kRI=
-2,-5,bwfhsPNBUmn9w69ct4W+ryN+TNg=,bcldbr4ehUdaDO0epcz7CG67kRI=
-9,-2,bwfhsPNBUmn9w69ct4W+ryN+TNg=,Nv7qYL7qCwzkr4b8OwxaJR5LvbI=
-2,-6,bwfhsPNBUmn9w69ct4W+ryN+TNg=,bcldbr4ehUdaDO0epcz7CG67kRI=
-3,-4,bwfhsPNBUmn9w69ct4W+ryN+TNg=,bcldbr4ehUdaDO0epcz7CG67kRI=
-8,-9,bwfhsPNBUmn9w69ct4W+ryN+TNg=,Be5QKZKX6+y6fOVGgzn/qs3u25w=
-9,-3,bwfhsPNBUmn9w69ct4W+ryN+TNg=,Nv7qYL7qCwzkr4b8OwxaJR5LvbI=
-8,-7,bwfhsPNBUmn9w69ct4W+ryN+TNg=,bcldbr4ehUdaDO0epcz7CG67kRI=
-7,-9,bwfhsPNBUmn9w69ct4W+ryN+TNg=,Be5QKZKX6+y6fOVGgzn/qs3u25w=
-6,-9,bwfhsPNBUmn9w69ct4W+ryN+TNg=,Be5QKZKX6+y6fOVGgzn/qs3u25w=
-9,-5,bwfhsPNBUmn9w69ct4W+ryN+TNg=,Nv7qYL7qCwzkr4b8OwxaJR5LvbI=
-7,-3,bwfhsPNBUmn9w69ct4W+ryN+TNg=,bcldbr4ehUdaDO0epcz7CG67kRI=
-6,-3,bwfhsPNBUmn9w69ct4W+ryN+TNg=,bcldbr4ehUdaDO0epcz7CG67kRI=
-5,-8,bwfhsPNBUmn9w69ct4W+ryN+TNg=,bcldbr4ehUdaDO0epcz7CG67kRI=
-9,-4,bwfhsPNBUmn9w69ct4W+ryN+TNg=,Nv7qYL7qCwzkr4b8OwxaJR5LvbI=
-5,-9,bwfhsPNBUmn9w69ct4W+ryN+TNg=,Be5QKZKX6+y6fOVGgzn/qs3u25w=
-7,-7,bwfhsPNBUmn9w69ct4W+ryN+TNg=,bcldbr4ehUdaDO0epcz7CG67kRI=
-9,-8,bwfhsPNBUmn9w69ct4W+ryN+TNg=,Nv7qYL7qCwzkr4b8OwxaJR5LvbI=
-3,-9,bwfhsPNBUmn9w69ct4W+ryN+TNg=,Be5QKZKX6+y6fOVGgzn/qs3u25w=
-4,-9,bwfhsPNBUmn9w69ct4W+ryN+TNg=,Be5QKZKX6+y6fOVGgzn/qs3u25w=
-12,-1,4B00eMxAE1Ci1M7HxpfNZUOGeQg=,Nv7qYL7qCwzkr4b8OwxaJR5LvbI=
-1,-13,4B00eMxAE1Ci1M7HxpfNZUOGeQg=,Be5QKZKX6+y6fOVGgzn/qs3u25w=
-7,-1,4B00eMxAE1Ci1M7HxpfNZUOGeQg=,bcldbr4ehUdaDO0epcz7CG67kRI=
-6,-1,4B00eMxAE1Ci1M7HxpfNZUOGeQg=,bcldbr4ehUdaDO0epcz7CG67kRI=
-5,-1,4B00eMxAE1Ci1M7HxpfNZUOGeQg=,bcldbr4ehUdaDO0epcz7CG67kRI=
-1,-12,4B00eMxAE1Ci1M7HxpfNZUOGeQg=,Be5QKZKX6+y6fOVGgzn/qs3u25w=
-4,-1,4B00eMxAE1Ci1M7HxpfNZUOGeQg=,bcldbr4ehUdaDO0epcz7CG67kRI=
-1,-3,4B00eMxAE1Ci1M7HxpfNZUOGeQg=,bcldbr4ehUdaDO0epcz7CG67kRI=
-3,-1,4B00eMxAE1Ci1M7HxpfNZUOGeQg=,bcldbr4ehUdaDO0epcz7CG67kRI=
-8,-1,4B00eMxAE1Ci1M7HxpfNZUOGeQg=,bcldbr4ehUdaDO0epcz7CG67kRI=
-1,-2,4B00eMxAE1Ci1M7HxpfNZUOGeQg=,bcldbr4ehUdaDO0epcz7CG67kRI=
-2,-1,4B00eMxAE1Ci1M7HxpfNZUOGeQg=,bcldbr4ehUdaDO0epcz7CG67kRI=
-1,-11,4B00eMxAE1Ci1M7HxpfNZUOGeQg=,Be5QKZKX6+y6fOVGgzn/qs3u25w=
-9,-1,4B00eMxAE1Ci1M7HxpfNZUOGeQg=,Nv7qYL7qCwzkr4b8OwxaJR5LvbI=
-1,-10,4B00eMxAE1Ci1M7HxpfNZUOGeQg=,Be5QKZKX6+y6fOVGgzn/qs3u25w=
-1,-14,4B00eMxAE1Ci1M7HxpfNZUOGeQg=,Be5QKZKX6+y6fOVGgzn/qs3u25w=
-10,-1,4B00eMxAE1Ci1M7HxpfNZUOGeQg=,Nv7qYL7qCwzkr4b8OwxaJR5LvbI=
-1,-8,4B00eMxAE1Ci1M7HxpfNZUOGeQg=,bcldbr4ehUdaDO0epcz7CG67kRI=
-1,-15,4B00eMxAE1Ci1M7HxpfNZUOGeQg=,Be5QKZKX6+y6fOVGgzn/qs3u25w=
-13,-1,4B00eMxAE1Ci1M7HxpfNZUOGeQg=,Nv7qYL7qCwzkr4b8OwxaJR5LvbI=
-1,-4,4B00eMxAE1Ci1M7HxpfNZUOGeQg=,bcldbr4ehUdaDO0epcz7CG67kRI=
-11,-1,4B00eMxAE1Ci1M7HxpfNZUOGeQg=,Nv7qYL7qCwzkr4b8OwxaJR5LvbI=
-14,-1,4B00eMxAE1Ci1M7HxpfNZUOGeQg=,Nv7qYL7qCwzkr4b8OwxaJR5LvbI=
-15,-1,4B00eMxAE1Ci1M7HxpfNZUOGeQg=,Nv7qYL7qCwzkr4b8OwxaJR5LvbI=
-1,-6,4B00eMxAE1Ci1M7HxpfNZUOGeQg=,bcldbr4ehUdaDO0epcz7CG67kRI=
-1,-9,4B00eMxAE1Ci1M7HxpfNZUOGeQg=,Be5QKZKX6+y6fOVGgzn/qs3u25w=
-1,-5,4B00eMxAE1Ci1M7HxpfNZUOGeQg=,bcldbr4ehUdaDO0epcz7CG67kRI=
-1,-7,4B00eMxAE1Ci1M7HxpfNZUOGeQg=,bcldbr4ehUdaDO0epcz7CG67kRI=
-16,-15,T1h0v4T9dYztS7VsDpBOP6Nu0Gs=,3GuwXYnIvpB0uuAVM5Ktm3ZurOI=
-12,-16,T1h0v4T9dYztS7VsDpBOP6Nu0Gs=,3GuwXYnIvpB0uuAVM5Ktm3ZurOI=
-16,-13,T1h0v4T9dYztS7VsDpBOP6Nu0Gs=,3GuwXYnIvpB0uuAVM5Ktm3ZurOI=
-16,-10,T1h0v4T9dYztS7VsDpBOP6Nu0Gs=,3GuwXYnIvpB0uuAVM5Ktm3ZurOI=
-16,-12,T1h0v4T9dYztS7VsDpBOP6Nu0Gs=,3GuwXYnIvpB0uuAVM5Ktm3ZurOI=
-16,-14,T1h0v4T9dYztS7VsDpBOP6Nu0Gs=,3GuwXYnIvpB0uuAVM5Ktm3ZurOI=
-16,-11,T1h0v4T9dYztS7VsDpBOP6Nu0Gs=,3GuwXYnIvpB0uuAVM5Ktm3ZurOI=
-16,-5,T1h0v4T9dYztS7VsDpBOP6Nu0Gs=,Nv7qYL7qCwzkr4b8OwxaJR5LvbI=
-16,-3,T1h0v4T9dYztS7VsDpBOP6Nu0Gs=,Nv7qYL7qCwzkr4b8OwxaJR5LvbI=
-16,-9,T1h0v4T9dYztS7VsDpBOP6Nu0Gs=,3GuwXYnIvpB0uuAVM5Ktm3ZurOI=
-9,-16,T1h0v4T9dYztS7VsDpBOP6Nu0Gs=,3GuwXYnIvpB0uuAVM5Ktm3ZurOI=
-16,-7,T1h0v4T9dYztS7VsDpBOP6Nu0Gs=,Nv7qYL7qCwzkr4b8OwxaJR5LvbI=
-8,-16,T1h0v4T9dYztS7VsDpBOP6Nu0Gs=,Be5QKZKX6+y6fOVGgzn/qs3u25w=
-16,-8,T1h0v4T9dYztS7VsDpBOP6Nu0Gs=,Nv7qYL7qCwzkr4b8OwxaJR5LvbI=
-16,-2,T1h0v4T9dYztS7VsDpBOP6Nu0Gs=,Nv7qYL7qCwzkr4b8OwxaJR5LvbI=
-7,-16,T1h0v4T9dYztS7VsDpBOP6Nu0Gs=,Be5QKZKX6+y6fOVGgzn/qs3u25w=
-6,-16,T1h0v4T9dYztS7VsDpBOP6Nu0Gs=,Be5QKZKX6+y6fOVGgzn/qs3u25w=
-16,-4,T1h0v4T9dYztS7VsDpBOP6Nu0Gs=,Nv7qYL7qCwzkr4b8OwxaJR5LvbI=
-2,-16,T1h0v4T9dYztS7VsDpBOP6Nu0Gs=,Be5QKZKX6+y6fOVGgzn/qs3u25w=
-16,-6,T1h0v4T9dYztS7VsDpBOP6Nu0Gs=,Nv7qYL7qCwzkr4b8OwxaJR5LvbI=
-5,-16,T1h0v4T9dYztS7VsDpBOP6Nu0Gs=,Be5QKZKX6+y6fOVGgzn/qs3u25w=
-3,-16,T1h0v4T9dYztS7VsDpBOP6Nu0Gs=,Be5QKZKX6+y6fOVGgzn/qs3u25w=
-13,-16,T1h0v4T9dYztS7VsDpBOP6Nu0Gs=,3GuwXYnIvpB0uuAVM5Ktm3ZurOI=
-4,-16,T1h0v4T9dYztS7VsDpBOP6Nu0Gs=,Be5QKZKX6+y6fOVGgzn/qs3u25w=
-14,-16,T1h0v4T9dYztS7VsDpBOP6Nu0Gs=,3GuwXYnIvpB0uuAVM5Ktm3ZurOI=
-15,-16,T1h0v4T9dYztS7VsDpBOP6Nu0Gs=,3GuwXYnIvpB0uuAVM5Ktm3ZurOI=
-10,-16,T1h0v4T9dYztS7VsDpBOP6Nu0Gs=,3GuwXYnIvpB0uuAVM5Ktm3ZurOI=
-11,-16,T1h0v4T9dYztS7VsDpBOP6Nu0Gs=,3GuwXYnIvpB0uuAVM5Ktm3ZurOI=
-16,-16,T1h0v4T9dYztS7VsDpBOP6Nu0Gs=,3GuwXYnIvpB0uuAVM5Ktm3ZurOI=
-1,-16,T1h0v4T9dYztS7VsDpBOP6Nu0Gs=,Be5QKZKX6+y6fOVGgzn/qs3u25w=
-1,-1,T1h0v4T9dYztS7VsDpBOP6Nu0Gs=,bcldbr4ehUdaDO0epcz7CG67kRI=
-16,-1,T1h0v4T9dYztS7VsDpBOP6Nu0Gs=,Nv7qYL7qCwzkr4b8OwxaJR5LvbI=
-7,-31,LnkpfNN+tR5Qm7u5ATMeOx195Mk=,SXesFq+5t8alfwiH3rmZ6CSsrqE=
-12,-21,J1vQ9QcHQ55tFKT0u2YIusFgGGs=,QvQXAWdWPac2lTwr24nhmxd7EJA=
-11,-21,TmwG5nWVDHb/TQiBYaaNUPf1foA=,QvQXAWdWPac2lTwr24nhmxd7EJA=
-10,-21,TmwG5nWVDHb/TQiBYaaNUPf1foA=,QvQXAWdWPac2lTwr24nhmxd7EJA=
-14,-21,TmwG5nWVDHb/TQiBYaaNUPf1foA=,QvQXAWdWPac2lTwr24nhmxd7EJA=
-14,-20,TmwG5nWVDHb/TQiBYaaNUPf1foA=,QvQXAWdWPac2lTwr24nhmxd7EJA=
-13,-21,TmwG5nWVDHb/TQiBYaaNUPf1foA=,QvQXAWdWPac2lTwr24nhmxd7EJA=
-15,-21,TmwG5nWVDHb/TQiBYaaNUPf1foA=,QvQXAWdWPac2lTwr24nhmxd7EJA=
-11,-18,TmwG5nWVDHb/TQiBYaaNUPf1foA=,QvQXAWdWPac2lTwr24nhmxd7EJA=
-15,-20,TmwG5nWVDHb/TQiBYaaNUPf1foA=,QvQXAWdWPac2lTwr24nhmxd7EJA=
-12,-18,TmwG5nWVDHb/TQiBYaaNUPf1foA=,QvQXAWdWPac2lTwr24nhmxd7EJA=
-14,-18,TmwG5nWVDHb/TQiBYaaNUPf1foA=,QvQXAWdWPac2lTwr24nhmxd7EJA=
-13,-18,TmwG5nWVDHb/TQiBYaaNUPf1foA=,QvQXAWdWPac2lTwr24nhmxd7EJA=
-13,-20,TmwG5nWVDHb/TQiBYaaNUPf1foA=,QvQXAWdWPac2lTwr24nhmxd7EJA=
-10,-18,TmwG5nWVDHb/TQiBYaaNUPf1foA=,QvQXAWdWPac2lTwr24nhmxd7EJA=
-15,-18,TmwG5nWVDHb/TQiBYaaNUPf1foA=,QvQXAWdWPac2lTwr24nhmxd7EJA=
-10,-22,TmwG5nWVDHb/TQiBYaaNUPf1foA=,QvQXAWdWPac2lTwr24nhmxd7EJA=
-15,-23,TmwG5nWVDHb/TQiBYaaNUPf1foA=,QvQXAWdWPac2lTwr24nhmxd7EJA=
-11,-22,TmwG5nWVDHb/TQiBYaaNUPf1foA=,QvQXAWdWPac2lTwr24nhmxd7EJA=
-10,-19,TmwG5nWVDHb/TQiBYaaNUPf1foA=,QvQXAWdWPac2lTwr24nhmxd7EJA=
-14,-23,TmwG5nWVDHb/TQiBYaaNUPf1foA=,QvQXAWdWPac2lTwr24nhmxd7EJA=
-11,-19,TmwG5nWVDHb/TQiBYaaNUPf1foA=,QvQXAWdWPac2lTwr24nhmxd7EJA=
-12,-20,TmwG5nWVDHb/TQiBYaaNUPf1foA=,QvQXAWdWPac2lTwr24nhmxd7EJA=
-12,-22,TmwG5nWVDHb/TQiBYaaNUPf1foA=,QvQXAWdWPac2lTwr24nhmxd7EJA=
-14,-22,TmwG5nWVDHb/TQiBYaaNUPf1foA=,QvQXAWdWPac2lTwr24nhmxd7EJA=
-13,-22,TmwG5nWVDHb/TQiBYaaNUPf1foA=,QvQXAWdWPac2lTwr24nhmxd7EJA=
-12,-19,TmwG5nWVDHb/TQiBYaaNUPf1foA=,QvQXAWdWPac2lTwr24nhmxd7EJA=
-13,-19,TmwG5nWVDHb/TQiBYaaNUPf1foA=,QvQXAWdWPac2lTwr24nhmxd7EJA=
-15,-19,TmwG5nWVDHb/TQiBYaaNUPf1foA=,QvQXAWdWPac2lTwr24nhmxd7EJA=
-15,-22,TmwG5nWVDHb/TQiBYaaNUPf1foA=,QvQXAWdWPac2lTwr24nhmxd7EJA=
-10,-23,TmwG5nWVDHb/TQiBYaaNUPf1foA=,QvQXAWdWPac2lTwr24nhmxd7EJA=
-14,-19,TmwG5nWVDHb/TQiBYaaNUPf1foA=,QvQXAWdWPac2lTwr24nhmxd7EJA=
-11,-20,TmwG5nWVDHb/TQiBYaaNUPf1foA=,QvQXAWdWPac2lTwr24nhmxd7EJA=
-10,-20,TmwG5nWVDHb/TQiBYaaNUPf1foA=,QvQXAWdWPac2lTwr24nhmxd7EJA=
-11,-23,TmwG5nWVDHb/TQiBYaaNUPf1foA=,QvQXAWdWPac2lTwr24nhmxd7EJA=
-13,-23,TmwG5nWVDHb/TQiBYaaNUPf1foA=,QvQXAWdWPac2lTwr24nhmxd7EJA=
-12,-23,TmwG5nWVDHb/TQiBYaaNUPf1foA=,QvQXAWdWPac2lTwr24nhmxd7EJA=
-2,-26,TmwG5nWVDHb/TQiBYaaNUPf1foA=,SXesFq+5t8alfwiH3rmZ6CSsrqE=
-3,-26,TmwG5nWVDHb/TQiBYaaNUPf1foA=,SXesFq+5t8alfwiH3rmZ6CSsrqE=
-4,-26,TmwG5nWVDHb/TQiBYaaNUPf1foA=,SXesFq+5t8alfwiH3rmZ6CSsrqE=
-5,-26,TmwG5nWVDHb/TQiBYaaNUPf1foA=,SXesFq+5t8alfwiH3rmZ6CSsrqE=
-2,-27,TmwG5nWVDHb/TQiBYaaNUPf1foA=,SXesFq+5t8alfwiH3rmZ6CSsrqE=
-7,-26,TmwG5nWVDHb/TQiBYaaNUPf1foA=,SXesFq+5t8alfwiH3rmZ6CSsrqE=
-6,-26,TmwG5nWVDHb/TQiBYaaNUPf1foA=,SXesFq+5t8alfwiH3rmZ6CSsrqE=
-3,-27,TmwG5nWVDHb/TQiBYaaNUPf1foA=,SXesFq+5t8alfwiH3rmZ6CSsrqE=
-4,-27,TmwG5nWVDHb/TQiBYaaNUPf1foA=,SXesFq+5t8alfwiH3rmZ6CSsrqE=
-5,-27,TmwG5nWVDHb/TQiBYaaNUPf1foA=,SXesFq+5t8alfwiH3rmZ6CSsrqE=
-7,-27,TmwG5nWVDHb/TQiBYaaNUPf1foA=,SXesFq+5t8alfwiH3rmZ6CSsrqE=
-6,-27,TmwG5nWVDHb/TQiBYaaNUPf1foA=,SXesFq+5t8alfwiH3rmZ6CSsrqE=
-2,-28,TmwG5nWVDHb/TQiBYaaNUPf1foA=,SXesFq+5t8alfwiH3rmZ6CSsrqE=
-3,-28,TmwG5nWVDHb/TQiBYaaNUPf1foA=,SXesFq+5t8alfwiH3rmZ6CSsrqE=
-4,-28,TmwG5nWVDHb/TQiBYaaNUPf1foA=,SXesFq+5t8alfwiH3rmZ6CSsrqE=
-5,-28,TmwG5nWVDHb/TQiBYaaNUPf1foA=,SXesFq+5t8alfwiH3rmZ6CSsrqE=
-6,-28,TmwG5nWVDHb/TQiBYaaNUPf1foA=,SXesFq+5t8alfwiH3rmZ6CSsrqE=
-7,-28,TmwG5nWVDHb/TQiBYaaNUPf1foA=,SXesFq+5t8alfwiH3rmZ6CSsrqE=
-2,-29,TmwG5nWVDHb/TQiBYaaNUPf1foA=,SXesFq+5t8alfwiH3rmZ6CSsrqE=
-3,-29,TmwG5nWVDHb/TQiBYaaNUPf1foA=,SXesFq+5t8alfwiH3rmZ6CSsrqE=
-4,-29,TmwG5nWVDHb/TQiBYaaNUPf1foA=,SXesFq+5t8alfwiH3rmZ6CSsrqE=
-5,-29,TmwG5nWVDHb/TQiBYaaNUPf1foA=,SXesFq+5t8alfwiH3rmZ6CSsrqE=
-6,-29,TmwG5nWVDHb/TQiBYaaNUPf1foA=,SXesFq+5t8alfwiH3rmZ6CSsrqE=
-2,-30,TmwG5nWVDHb/TQiBYaaNUPf1foA=,SXesFq+5t8alfwiH3rmZ6CSsrqE=
-7,-29,TmwG5nWVDHb/TQiBYaaNUPf1foA=,SXesFq+5t8alfwiH3rmZ6CSsrqE=
-3,-30,TmwG5nWVDHb/TQiBYaaNUPf1foA=,SXesFq+5t8alfwiH3rmZ6CSsrqE=
-4,-30,TmwG5nWVDHb/TQiBYaaNUPf1foA=,SXesFq+5t8alfwiH3rmZ6CSsrqE=
-5,-30,TmwG5nWVDHb/TQiBYaaNUPf1foA=,SXesFq+5t8alfwiH3rmZ6CSsrqE=
-6,-30,TmwG5nWVDHb/TQiBYaaNUPf1foA=,SXesFq+5t8alfwiH3rmZ6CSsrqE=
-7,-30,TmwG5nWVDHb/TQiBYaaNUPf1foA=,SXesFq+5t8alfwiH3rmZ6CSsrqE=
-2,-31,TmwG5nWVDHb/TQiBYaaNUPf1foA=,SXesFq+5t8alfwiH3rmZ6CSsrqE=
-3,-31,TmwG5nWVDHb/TQiBYaaNUPf1foA=,SXesFq+5t8alfwiH3rmZ6CSsrqE=
-4,-31,TmwG5nWVDHb/TQiBYaaNUPf1foA=,SXesFq+5t8alfwiH3rmZ6CSsrqE=
-5,-31,TmwG5nWVDHb/TQiBYaaNUPf1foA=,SXesFq+5t8alfwiH3rmZ6CSsrqE=
-6,-31,TmwG5nWVDHb/TQiBYaaNUPf1foA=,SXesFq+5t8alfwiH3rmZ6CSsrqE=
-12,-27,TmwG5nWVDHb/TQiBYaaNUPf1foA=,aN35D3y9zhXaSF5RBtHQSuLB4rI=
-13,-27,TmwG5nWVDHb/TQiBYaaNUPf1foA=,aN35D3y9zhXaSF5RBtHQSuLB4rI=
-14,-27,TmwG5nWVDHb/TQiBYaaNUPf1foA=,aN35D3y9zhXaSF5RBtHQSuLB4rI=
-4,-25,TmwG5nWVDHb/TQiBYaaNUPf1foA=,SXesFq+5t8alfwiH3rmZ6CSsrqE=
-15,-27,TmwG5nWVDHb/TQiBYaaNUPf1foA=,aN35D3y9zhXaSF5RBtHQSuLB4rI=
-9,-28,TmwG5nWVDHb/TQiBYaaNUPf1foA=,aN35D3y9zhXaSF5RBtHQSuLB4rI=
-11,-27,TmwG5nWVDHb/TQiBYaaNUPf1foA=,aN35D3y9zhXaSF5RBtHQSuLB4rI=
-3,-25,TmwG5nWVDHb/TQiBYaaNUPf1foA=,SXesFq+5t8alfwiH3rmZ6CSsrqE=
-11,-28,TmwG5nWVDHb/TQiBYaaNUPf1foA=,aN35D3y9zhXaSF5RBtHQSuLB4rI=
-10,-28,TmwG5nWVDHb/TQiBYaaNUPf1foA=,aN35D3y9zhXaSF5RBtHQSuLB4rI=
-8,-19,TmwG5nWVDHb/TQiBYaaNUPf1foA=,2YfN8pVeacTDjwSdSXjyOrpmQG8=
-12,-28,TmwG5nWVDHb/TQiBYaaNUPf1foA=,aN35D3y9zhXaSF5RBtHQSuLB4rI=
-8,-26,TmwG5nWVDHb/TQiBYaaNUPf1foA=,SXesFq+5t8alfwiH3rmZ6CSsrqE=
-2,-25,TmwG5nWVDHb/TQiBYaaNUPf1foA=,SXesFq+5t8alfwiH3rmZ6CSsrqE=
-13,-28,TmwG5nWVDHb/TQiBYaaNUPf1foA=,aN35D3y9zhXaSF5RBtHQSuLB4rI=
-3,-18,TmwG5nWVDHb/TQiBYaaNUPf1foA=,2YfN8pVeacTDjwSdSXjyOrpmQG8=
-8,-20,TmwG5nWVDHb/TQiBYaaNUPf1foA=,2YfN8pVeacTDjwSdSXjyOrpmQG8=
-5,-25,TmwG5nWVDHb/TQiBYaaNUPf1foA=,SXesFq+5t8alfwiH3rmZ6CSsrqE=
-14,-28,TmwG5nWVDHb/TQiBYaaNUPf1foA=,aN35D3y9zhXaSF5RBtHQSuLB4rI=
-4,-23,TmwG5nWVDHb/TQiBYaaNUPf1foA=,2YfN8pVeacTDjwSdSXjyOrpmQG8=
-3,-19,TmwG5nWVDHb/TQiBYaaNUPf1foA=,2YfN8pVeacTDjwSdSXjyOrpmQG8=
-10,-27,TmwG5nWVDHb/TQiBYaaNUPf1foA=,aN35D3y9zhXaSF5RBtHQSuLB4rI=
-9,-21,TmwG5nWVDHb/TQiBYaaNUPf1foA=,QvQXAWdWPac2lTwr24nhmxd7EJA=
-9,-29,TmwG5nWVDHb/TQiBYaaNUPf1foA=,aN35D3y9zhXaSF5RBtHQSuLB4rI=
-3,-23,TmwG5nWVDHb/TQiBYaaNUPf1foA=,2YfN8pVeacTDjwSdSXjyOrpmQG8=
-9,-27,TmwG5nWVDHb/TQiBYaaNUPf1foA=,aN35D3y9zhXaSF5RBtHQSuLB4rI=
-6,-25,TmwG5nWVDHb/TQiBYaaNUPf1foA=,SXesFq+5t8alfwiH3rmZ6CSsrqE=
-7,-20,TmwG5nWVDHb/TQiBYaaNUPf1foA=,2YfN8pVeacTDjwSdSXjyOrpmQG8=
-15,-26,TmwG5nWVDHb/TQiBYaaNUPf1foA=,aN35D3y9zhXaSF5RBtHQSuLB4rI=
-10,-29,TmwG5nWVDHb/TQiBYaaNUPf1foA=,aN35D3y9zhXaSF5RBtHQSuLB4rI=
-2,-23,TmwG5nWVDHb/TQiBYaaNUPf1foA=,2YfN8pVeacTDjwSdSXjyOrpmQG8=
-14,-26,TmwG5nWVDHb/TQiBYaaNUPf1foA=,aN35D3y9zhXaSF5RBtHQSuLB4rI=
-11,-29,TmwG5nWVDHb/TQiBYaaNUPf1foA=,aN35D3y9zhXaSF5RBtHQSuLB4rI=
-7,-19,TmwG5nWVDHb/TQiBYaaNUPf1foA=,2YfN8pVeacTDjwSdSXjyOrpmQG8=
-15,-28,TmwG5nWVDHb/TQiBYaaNUPf1foA=,aN35D3y9zhXaSF5RBtHQSuLB4rI=
-2,-19,TmwG5nWVDHb/TQiBYaaNUPf1foA=,2YfN8pVeacTDjwSdSXjyOrpmQG8=
-7,-25,TmwG5nWVDHb/TQiBYaaNUPf1foA=,SXesFq+5t8alfwiH3rmZ6CSsrqE=
-12,-29,TmwG5nWVDHb/TQiBYaaNUPf1foA=,aN35D3y9zhXaSF5RBtHQSuLB4rI=
-4,-24,TmwG5nWVDHb/TQiBYaaNUPf1foA=,2YfN8pVeacTDjwSdSXjyOrpmQG8=
-8,-27,TmwG5nWVDHb/TQiBYaaNUPf1foA=,SXesFq+5t8alfwiH3rmZ6CSsrqE=
-13,-26,TmwG5nWVDHb/TQiBYaaNUPf1foA=,aN35D3y9zhXaSF5RBtHQSuLB4rI=
-15,-29,TmwG5nWVDHb/TQiBYaaNUPf1foA=,aN35D3y9zhXaSF5RBtHQSuLB4rI=
-12,-26,TmwG5nWVDHb/TQiBYaaNUPf1foA=,aN35D3y9zhXaSF5RBtHQSuLB4rI=
-9,-30,TmwG5nWVDHb/TQiBYaaNUPf1foA=,aN35D3y9zhXaSF5RBtHQSuLB4rI=
-10,-30,TmwG5nWVDHb/TQiBYaaNUPf1foA=,aN35D3y9zhXaSF5RBtHQSuLB4rI=
-11,-26,TmwG5nWVDHb/TQiBYaaNUPf1foA=,aN35D3y9zhXaSF5RBtHQSuLB4rI=
-11,-30,TmwG5nWVDHb/TQiBYaaNUPf1foA=,aN35D3y9zhXaSF5RBtHQSuLB4rI=
-12,-30,TmwG5nWVDHb/TQiBYaaNUPf1foA=,aN35D3y9zhXaSF5RBtHQSuLB4rI=
-10,-26,TmwG5nWVDHb/TQiBYaaNUPf1foA=,aN35D3y9zhXaSF5RBtHQSuLB4rI=
-8,-28,TmwG5nWVDHb/TQiBYaaNUPf1foA=,SXesFq+5t8alfwiH3rmZ6CSsrqE=
-13,-30,TmwG5nWVDHb/TQiBYaaNUPf1foA=,aN35D3y9zhXaSF5RBtHQSuLB4rI=
-9,-26,TmwG5nWVDHb/TQiBYaaNUPf1foA=,aN35D3y9zhXaSF5RBtHQSuLB4rI=
-2,-21,TmwG5nWVDHb/TQiBYaaNUPf1foA=,2YfN8pVeacTDjwSdSXjyOrpmQG8=
-8,-25,TmwG5nWVDHb/TQiBYaaNUPf1foA=,SXesFq+5t8alfwiH3rmZ6CSsrqE=
-8,-31,TmwG5nWVDHb/TQiBYaaNUPf1foA=,SXesFq+5t8alfwiH3rmZ6CSsrqE=
-2,-20,TmwG5nWVDHb/TQiBYaaNUPf1foA=,2YfN8pVeacTDjwSdSXjyOrpmQG8=
-14,-30,TmwG5nWVDHb/TQiBYaaNUPf1foA=,aN35D3y9zhXaSF5RBtHQSuLB4rI=
-15,-25,TmwG5nWVDHb/TQiBYaaNUPf1foA=,aN35D3y9zhXaSF5RBtHQSuLB4rI=
-10,-24,TmwG5nWVDHb/TQiBYaaNUPf1foA=,QvQXAWdWPac2lTwr24nhmxd7EJA=
-11,-24,TmwG5nWVDHb/TQiBYaaNUPf1foA=,QvQXAWdWPac2lTwr24nhmxd7EJA=
-14,-25,TmwG5nWVDHb/TQiBYaaNUPf1foA=,aN35D3y9zhXaSF5RBtHQSuLB4rI=
-15,-30,TmwG5nWVDHb/TQiBYaaNUPf1foA=,aN35D3y9zhXaSF5RBtHQSuLB4rI=
-8,-29,TmwG5nWVDHb/TQiBYaaNUPf1foA=,SXesFq+5t8alfwiH3rmZ6CSsrqE=
-13,-25,TmwG5nWVDHb/TQiBYaaNUPf1foA=,aN35D3y9zhXaSF5RBtHQSuLB4rI=
-7,-22,TmwG5nWVDHb/TQiBYaaNUPf1foA=,2YfN8pVeacTDjwSdSXjyOrpmQG8=
-6,-21,TmwG5nWVDHb/TQiBYaaNUPf1foA=,2YfN8pVeacTDjwSdSXjyOrpmQG8=
-14,-29,TmwG5nWVDHb/TQiBYaaNUPf1foA=,aN35D3y9zhXaSF5RBtHQSuLB4rI=
-12,-24,TmwG5nWVDHb/TQiBYaaNUPf1foA=,QvQXAWdWPac2lTwr24nhmxd7EJA=
-13,-24,TmwG5nWVDHb/TQiBYaaNUPf1foA=,QvQXAWdWPac2lTwr24nhmxd7EJA=
-10,-31,TmwG5nWVDHb/TQiBYaaNUPf1foA=,aN35D3y9zhXaSF5RBtHQSuLB4rI=
-9,-31,TmwG5nWVDHb/TQiBYaaNUPf1foA=,aN35D3y9zhXaSF5RBtHQSuLB4rI=
-6,-22,TmwG5nWVDHb/TQiBYaaNUPf1foA=,2YfN8pVeacTDjwSdSXjyOrpmQG8=
-11,-31,TmwG5nWVDHb/TQiBYaaNUPf1foA=,aN35D3y9zhXaSF5RBtHQSuLB4rI=
-12,-31,TmwG5nWVDHb/TQiBYaaNUPf1foA=,aN35D3y9zhXaSF5RBtHQSuLB4rI=
-14,-24,TmwG5nWVDHb/TQiBYaaNUPf1foA=,QvQXAWdWPac2lTwr24nhmxd7EJA=
-8,-18,TmwG5nWVDHb/TQiBYaaNUPf1foA=,2YfN8pVeacTDjwSdSXjyOrpmQG8=
-15,-24,TmwG5nWVDHb/TQiBYaaNUPf1foA=,QvQXAWdWPac2lTwr24nhmxd7EJA=
-13,-31,TmwG5nWVDHb/TQiBYaaNUPf1foA=,aN35D3y9zhXaSF5RBtHQSuLB4rI=
-14,-31,TmwG5nWVDHb/TQiBYaaNUPf1foA=,aN35D3y9zhXaSF5RBtHQSuLB4rI=
-7,-18,TmwG5nWVDHb/TQiBYaaNUPf1foA=,2YfN8pVeacTDjwSdSXjyOrpmQG8=
-9,-18,TmwG5nWVDHb/TQiBYaaNUPf1foA=,QvQXAWdWPac2lTwr24nhmxd7EJA=
-10,-25,TmwG5nWVDHb/TQiBYaaNUPf1foA=,aN35D3y9zhXaSF5RBtHQSuLB4rI=
-15,-31,TmwG5nWVDHb/TQiBYaaNUPf1foA=,aN35D3y9zhXaSF5RBtHQSuLB4rI=
-8,-30,TmwG5nWVDHb/TQiBYaaNUPf1foA=,SXesFq+5t8alfwiH3rmZ6CSsrqE=
-6,-18,TmwG5nWVDHb/TQiBYaaNUPf1foA=,2YfN8pVeacTDjwSdSXjyOrpmQG8=
-11,-25,TmwG5nWVDHb/TQiBYaaNUPf1foA=,aN35D3y9zhXaSF5RBtHQSuLB4rI=
-7,-21,TmwG5nWVDHb/TQiBYaaNUPf1foA=,2YfN8pVeacTDjwSdSXjyOrpmQG8=
-9,-22,TmwG5nWVDHb/TQiBYaaNUPf1foA=,QvQXAWdWPac2lTwr24nhmxd7EJA=
-4,-19,TmwG5nWVDHb/TQiBYaaNUPf1foA=,2YfN8pVeacTDjwSdSXjyOrpmQG8=
-5,-18,TmwG5nWVDHb/TQiBYaaNUPf1foA=,2YfN8pVeacTDjwSdSXjyOrpmQG8=
-3,-21,TmwG5nWVDHb/TQiBYaaNUPf1foA=,2YfN8pVeacTDjwSdSXjyOrpmQG8=
-9,-19,TmwG5nWVDHb/TQiBYaaNUPf1foA=,QvQXAWdWPac2lTwr24nhmxd7EJA=
-4,-18,TmwG5nWVDHb/TQiBYaaNUPf1foA=,2YfN8pVeacTDjwSdSXjyOrpmQG8=
-8,-21,TmwG5nWVDHb/TQiBYaaNUPf1foA=,2YfN8pVeacTDjwSdSXjyOrpmQG8=
-3,-20,TmwG5nWVDHb/TQiBYaaNUPf1foA=,2YfN8pVeacTDjwSdSXjyOrpmQG8=
-4,-21,TmwG5nWVDHb/TQiBYaaNUPf1foA=,2YfN8pVeacTDjwSdSXjyOrpmQG8=
-6,-20,TmwG5nWVDHb/TQiBYaaNUPf1foA=,2YfN8pVeacTDjwSdSXjyOrpmQG8=
-5,-24,TmwG5nWVDHb/TQiBYaaNUPf1foA=,2YfN8pVeacTDjwSdSXjyOrpmQG8=
-8,-22,TmwG5nWVDHb/TQiBYaaNUPf1foA=,2YfN8pVeacTDjwSdSXjyOrpmQG8=
-8,-24,TmwG5nWVDHb/TQiBYaaNUPf1foA=,2YfN8pVeacTDjwSdSXjyOrpmQG8=
-4,-20,TmwG5nWVDHb/TQiBYaaNUPf1foA=,2YfN8pVeacTDjwSdSXjyOrpmQG8=
-12,-25,TmwG5nWVDHb/TQiBYaaNUPf1foA=,aN35D3y9zhXaSF5RBtHQSuLB4rI=
-5,-22,TmwG5nWVDHb/TQiBYaaNUPf1foA=,2YfN8pVeacTDjwSdSXjyOrpmQG8=
-9,-23,TmwG5nWVDHb/TQiBYaaNUPf1foA=,QvQXAWdWPac2lTwr24nhmxd7EJA=
-5,-21,TmwG5nWVDHb/TQiBYaaNUPf1foA=,2YfN8pVeacTDjwSdSXjyOrpmQG8=
-3,-24,TmwG5nWVDHb/TQiBYaaNUPf1foA=,2YfN8pVeacTDjwSdSXjyOrpmQG8=
-9,-20,TmwG5nWVDHb/TQiBYaaNUPf1foA=,QvQXAWdWPac2lTwr24nhmxd7EJA=
-2,-22,TmwG5nWVDHb/TQiBYaaNUPf1foA=,2YfN8pVeacTDjwSdSXjyOrpmQG8=
-2,-24,TmwG5nWVDHb/TQiBYaaNUPf1foA=,2YfN8pVeacTDjwSdSXjyOrpmQG8=
-6,-19,TmwG5nWVDHb/TQiBYaaNUPf1foA=,2YfN8pVeacTDjwSdSXjyOrpmQG8=
-3,-22,TmwG5nWVDHb/TQiBYaaNUPf1foA=,2YfN8pVeacTDjwSdSXjyOrpmQG8=
-9,-25,TmwG5nWVDHb/TQiBYaaNUPf1foA=,aN35D3y9zhXaSF5RBtHQSuLB4rI=
-9,-24,TmwG5nWVDHb/TQiBYaaNUPf1foA=,QvQXAWdWPac2lTwr24nhmxd7EJA=
-4,-22,TmwG5nWVDHb/TQiBYaaNUPf1foA=,2YfN8pVeacTDjwSdSXjyOrpmQG8=
-2,-18,TmwG5nWVDHb/TQiBYaaNUPf1foA=,2YfN8pVeacTDjwSdSXjyOrpmQG8=
-7,-24,TmwG5nWVDHb/TQiBYaaNUPf1foA=,2YfN8pVeacTDjwSdSXjyOrpmQG8=
-5,-23,TmwG5nWVDHb/TQiBYaaNUPf1foA=,2YfN8pVeacTDjwSdSXjyOrpmQG8=
-5,-19,TmwG5nWVDHb/TQiBYaaNUPf1foA=,2YfN8pVeacTDjwSdSXjyOrpmQG8=
-6,-24,TmwG5nWVDHb/TQiBYaaNUPf1foA=,2YfN8pVeacTDjwSdSXjyOrpmQG8=
-13,-29,TmwG5nWVDHb/TQiBYaaNUPf1foA=,aN35D3y9zhXaSF5RBtHQSuLB4rI=
-5,-20,TmwG5nWVDHb/TQiBYaaNUPf1foA=,2YfN8pVeacTDjwSdSXjyOrpmQG8=
-8,-23,TmwG5nWVDHb/TQiBYaaNUPf1foA=,2YfN8pVeacTDjwSdSXjyOrpmQG8=
-6,-23,TmwG5nWVDHb/TQiBYaaNUPf1foA=,2YfN8pVeacTDjwSdSXjyOrpmQG8=
-7,-23,TmwG5nWVDHb/TQiBYaaNUPf1foA=,2YfN8pVeacTDjwSdSXjyOrpmQG8=
-15,-17,/qTHLLI7XOQKG3Yjwv3LdCqPSjg=,QvQXAWdWPac2lTwr24nhmxd7EJA=
-1,-19,/qTHLLI7XOQKG3Yjwv3LdCqPSjg=,2YfN8pVeacTDjwSdSXjyOrpmQG8=
-4,-17,/qTHLLI7XOQKG3Yjwv3LdCqPSjg=,2YfN8pVeacTDjwSdSXjyOrpmQG8=
-1,-31,/qTHLLI7XOQKG3Yjwv3LdCqPSjg=,SXesFq+5t8alfwiH3rmZ6CSsrqE=
-1,-22,/qTHLLI7XOQKG3Yjwv3LdCqPSjg=,2YfN8pVeacTDjwSdSXjyOrpmQG8=
-1,-24,/qTHLLI7XOQKG3Yjwv3LdCqPSjg=,2YfN8pVeacTDjwSdSXjyOrpmQG8=
-1,-30,/qTHLLI7XOQKG3Yjwv3LdCqPSjg=,SXesFq+5t8alfwiH3rmZ6CSsrqE=
-3,-17,/qTHLLI7XOQKG3Yjwv3LdCqPSjg=,2YfN8pVeacTDjwSdSXjyOrpmQG8=
-1,-25,/qTHLLI7XOQKG3Yjwv3LdCqPSjg=,SXesFq+5t8alfwiH3rmZ6CSsrqE=
-1,-23,/qTHLLI7XOQKG3Yjwv3LdCqPSjg=,2YfN8pVeacTDjwSdSXjyOrpmQG8=
-1,-29,/qTHLLI7XOQKG3Yjwv3LdCqPSjg=,SXesFq+5t8alfwiH3rmZ6CSsrqE=
-1,-18,/qTHLLI7XOQKG3Yjwv3LdCqPSjg=,2YfN8pVeacTDjwSdSXjyOrpmQG8=
-1,-28,/qTHLLI7XOQKG3Yjwv3LdCqPSjg=,SXesFq+5t8alfwiH3rmZ6CSsrqE=
-1,-21,/qTHLLI7XOQKG3Yjwv3LdCqPSjg=,2YfN8pVeacTDjwSdSXjyOrpmQG8=
-2,-17,/qTHLLI7XOQKG3Yjwv3LdCqPSjg=,2YfN8pVeacTDjwSdSXjyOrpmQG8=
-1,-27,/qTHLLI7XOQKG3Yjwv3LdCqPSjg=,SXesFq+5t8alfwiH3rmZ6CSsrqE=
-1,-20,/qTHLLI7XOQKG3Yjwv3LdCqPSjg=,2YfN8pVeacTDjwSdSXjyOrpmQG8=
-8,-17,/qTHLLI7XOQKG3Yjwv3LdCqPSjg=,2YfN8pVeacTDjwSdSXjyOrpmQG8=
-1,-26,/qTHLLI7XOQKG3Yjwv3LdCqPSjg=,SXesFq+5t8alfwiH3rmZ6CSsrqE=
-9,-17,/qTHLLI7XOQKG3Yjwv3LdCqPSjg=,QvQXAWdWPac2lTwr24nhmxd7EJA=
-5,-17,/qTHLLI7XOQKG3Yjwv3LdCqPSjg=,2YfN8pVeacTDjwSdSXjyOrpmQG8=
-11,-17,/qTHLLI7XOQKG3Yjwv3LdCqPSjg=,QvQXAWdWPac2lTwr24nhmxd7EJA=
-12,-17,/qTHLLI7XOQKG3Yjwv3LdCqPSjg=,QvQXAWdWPac2lTwr24nhmxd7EJA=
-13,-17,/qTHLLI7XOQKG3Yjwv3LdCqPSjg=,QvQXAWdWPac2lTwr24nhmxd7EJA=
-14,-17,/qTHLLI7XOQKG3Yjwv3LdCqPSjg=,QvQXAWdWPac2lTwr24nhmxd7EJA=
-7,-17,/qTHLLI7XOQKG3Yjwv3LdCqPSjg=,2YfN8pVeacTDjwSdSXjyOrpmQG8=
-10,-17,/qTHLLI7XOQKG3Yjwv3LdCqPSjg=,QvQXAWdWPac2lTwr24nhmxd7EJA=
-6,-17,/qTHLLI7XOQKG3Yjwv3LdCqPSjg=,2YfN8pVeacTDjwSdSXjyOrpmQG8=
-16,-20,8QjvDU2VCYf+lbHjzh3Z3beM3sM=,QvQXAWdWPac2lTwr24nhmxd7EJA=
-16,-17,pZIH2f/cmxLmueupEHjUM95O+Ps=,QvQXAWdWPac2lTwr24nhmxd7EJA=
-16,-21,pZIH2f/cmxLmueupEHjUM95O+Ps=,QvQXAWdWPac2lTwr24nhmxd7EJA=
-16,-19,pZIH2f/cmxLmueupEHjUM95O+Ps=,QvQXAWdWPac2lTwr24nhmxd7EJA=
-16,-18,pZIH2f/cmxLmueupEHjUM95O+Ps=,QvQXAWdWPac2lTwr24nhmxd7EJA=
-16,-22,pZIH2f/cmxLmueupEHjUM95O+Ps=,QvQXAWdWPac2lTwr24nhmxd7EJA=
-2,-32,pZIH2f/cmxLmueupEHjUM95O+Ps=,SXesFq+5t8alfwiH3rmZ6CSsrqE=
-3,-32,pZIH2f/cmxLmueupEHjUM95O+Ps=,SXesFq+5t8alfwiH3rmZ6CSsrqE=
-4,-32,pZIH2f/cmxLmueupEHjUM95O+Ps=,SXesFq+5t8alfwiH3rmZ6CSsrqE=
-7,-32,pZIH2f/cmxLmueupEHjUM95O+Ps=,SXesFq+5t8alfwiH3rmZ6CSsrqE=
-5,-32,pZIH2f/cmxLmueupEHjUM95O+Ps=,SXesFq+5t8alfwiH3rmZ6CSsrqE=
-6,-32,pZIH2f/cmxLmueupEHjUM95O+Ps=,SXesFq+5t8alfwiH3rmZ6CSsrqE=
-16,-23,pZIH2f/cmxLmueupEHjUM95O+Ps=,QvQXAWdWPac2lTwr24nhmxd7EJA=
-8,-32,pZIH2f/cmxLmueupEHjUM95O+Ps=,SXesFq+5t8alfwiH3rmZ6CSsrqE=
-16,-26,pZIH2f/cmxLmueupEHjUM95O+Ps=,aN35D3y9zhXaSF5RBtHQSuLB4rI=
-15,-32,pZIH2f/cmxLmueupEHjUM95O+Ps=,aN35D3y9zhXaSF5RBtHQSuLB4rI=
-16,-25,pZIH2f/cmxLmueupEHjUM95O+Ps=,aN35D3y9zhXaSF5RBtHQSuLB4rI=
-14,-32,pZIH2f/cmxLmueupEHjUM95O+Ps=,aN35D3y9zhXaSF5RBtHQSuLB4rI=
-9,-32,pZIH2f/cmxLmueupEHjUM95O+Ps=,aN35D3y9zhXaSF5RBtHQSuLB4rI=
-13,-32,pZIH2f/cmxLmueupEHjUM95O+Ps=,aN35D3y9zhXaSF5RBtHQSuLB4rI=
-16,-31,pZIH2f/cmxLmueupEHjUM95O+Ps=,aN35D3y9zhXaSF5RBtHQSuLB4rI=
-12,-32,pZIH2f/cmxLmueupEHjUM95O+Ps=,aN35D3y9zhXaSF5RBtHQSuLB4rI=
-10,-32,pZIH2f/cmxLmueupEHjUM95O+Ps=,aN35D3y9zhXaSF5RBtHQSuLB4rI=
-16,-24,pZIH2f/cmxLmueupEHjUM95O+Ps=,QvQXAWdWPac2lTwr24nhmxd7EJA=
-11,-32,pZIH2f/cmxLmueupEHjUM95O+Ps=,aN35D3y9zhXaSF5RBtHQSuLB4rI=
-16,-27,pZIH2f/cmxLmueupEHjUM95O+Ps=,aN35D3y9zhXaSF5RBtHQSuLB4rI=
-16,-30,pZIH2f/cmxLmueupEHjUM95O+Ps=,aN35D3y9zhXaSF5RBtHQSuLB4rI=
-16,-29,pZIH2f/cmxLmueupEHjUM95O+Ps=,aN35D3y9zhXaSF5RBtHQSuLB4rI=
-16,-28,pZIH2f/cmxLmueupEHjUM95O+Ps=,aN35D3y9zhXaSF5RBtHQSuLB4rI=
-1,-32,pZIH2f/cmxLmueupEHjUM95O+Ps=,SXesFq+5t8alfwiH3rmZ6CSsrqE=
-1,-17,pZIH2f/cmxLmueupEHjUM95O+Ps=,2YfN8pVeacTDjwSdSXjyOrpmQG8=
-16,-32,pZIH2f/cmxLmueupEHjUM95O+Ps=,aN35D3y9zhXaSF5RBtHQSuLB4rI=
-28,-21,0B4k1dXvtdp8iviUlr7KxUCFPNE=,RgpgrRge2VxUiEKAHqcN1bK07eE=
-29,-21,0B4k1dXvtdp8iviUlr7KxUCFPNE=,RgpgrRge2VxUiEKAHqcN1bK07eE=
-30,-21,0B4k1dXvtdp8iviUlr7KxUCFPNE=,RgpgrRge2VxUiEKAHqcN1bK07eE=
-31,-21,0B4k1dXvtdp8iviUlr7KxUCFPNE=,RgpgrRge2VxUiEKAHqcN1bK07eE=
-26,-22,0B4k1dXvtdp8iviUlr7KxUCFPNE=,RgpgrRge2VxUiEKAHqcN1bK07eE=
-27,-22,0B4k1dXvtdp8iviUlr7KxUCFPNE=,RgpgrRge2VxUiEKAHqcN1bK07eE=
-28,-22,SynU16qlNc7z2llpbl+2ixFD2Gs=,RgpgrRge2VxUiEKAHqcN1bK07eE=
-29,-22,OuCN7mr3rPVvWyuiPoW2dXrjoGM=,RgpgrRge2VxUiEKAHqcN1bK07eE=
-30,-22,OuCN7mr3rPVvWyuiPoW2dXrjoGM=,RgpgrRge2VxUiEKAHqcN1bK07eE=
-27,-18,OuCN7mr3rPVvWyuiPoW2dXrjoGM=,RgpgrRge2VxUiEKAHqcN1bK07eE=
-28,-18,OuCN7mr3rPVvWyuiPoW2dXrjoGM=,RgpgrRge2VxUiEKAHqcN1bK07eE=
-31,-22,OuCN7mr3rPVvWyuiPoW2dXrjoGM=,RgpgrRge2VxUiEKAHqcN1bK07eE=
-29,-18,OuCN7mr3rPVvWyuiPoW2dXrjoGM=,RgpgrRge2VxUiEKAHqcN1bK07eE=
-26,-23,OuCN7mr3rPVvWyuiPoW2dXrjoGM=,RgpgrRge2VxUiEKAHqcN1bK07eE=
-26,-18,OuCN7mr3rPVvWyuiPoW2dXrjoGM=,RgpgrRge2VxUiEKAHqcN1bK07eE=
-30,-18,OuCN7mr3rPVvWyuiPoW2dXrjoGM=,RgpgrRge2VxUiEKAHqcN1bK07eE=
-31,-18,OuCN7mr3rPVvWyuiPoW2dXrjoGM=,RgpgrRge2VxUiEKAHqcN1bK07eE=
-26,-19,1kdX7lgv9YNyDNnqYSus6xx0e20=,RgpgrRge2VxUiEKAHqcN1bK07eE=
-27,-23,1kdX7lgv9YNyDNnqYSus6xx0e20=,RgpgrRge2VxUiEKAHqcN1bK07eE=
-27,-19,1kdX7lgv9YNyDNnqYSus6xx0e20=,RgpgrRge2VxUiEKAHqcN1bK07eE=
-28,-19,1kdX7lgv9YNyDNnqYSus6xx0e20=,RgpgrRge2VxUiEKAHqcN1bK07eE=
-28,-23,1kdX7lgv9YNyDNnqYSus6xx0e20=,RgpgrRge2VxUiEKAHqcN1bK07eE=
-29,-23,1kdX7lgv9YNyDNnqYSus6xx0e20=,RgpgrRge2VxUiEKAHqcN1bK07eE=
-29,-19,1kdX7lgv9YNyDNnqYSus6xx0e20=,RgpgrRge2VxUiEKAHqcN1bK07eE=
-30,-23,1kdX7lgv9YNyDNnqYSus6xx0e20=,RgpgrRge2VxUiEKAHqcN1bK07eE=
-31,-23,1kdX7lgv9YNyDNnqYSus6xx0e20=,RgpgrRge2VxUiEKAHqcN1bK07eE=
-30,-19,1kdX7lgv9YNyDNnqYSus6xx0e20=,RgpgrRge2VxUiEKAHqcN1bK07eE=
-31,-19,1kdX7lgv9YNyDNnqYSus6xx0e20=,RgpgrRge2VxUiEKAHqcN1bK07eE=
-26,-20,1kdX7lgv9YNyDNnqYSus6xx0e20=,RgpgrRge2VxUiEKAHqcN1bK07eE=
-27,-20,1kdX7lgv9YNyDNnqYSus6xx0e20=,RgpgrRge2VxUiEKAHqcN1bK07eE=
-28,-20,1kdX7lgv9YNyDNnqYSus6xx0e20=,RgpgrRge2VxUiEKAHqcN1bK07eE=
-29,-20,1kdX7lgv9YNyDNnqYSus6xx0e20=,RgpgrRge2VxUiEKAHqcN1bK07eE=
-30,-20,1kdX7lgv9YNyDNnqYSus6xx0e20=,RgpgrRge2VxUiEKAHqcN1bK07eE=
-27,-21,1kdX7lgv9YNyDNnqYSus6xx0e20=,RgpgrRge2VxUiEKAHqcN1bK07eE=
-22,-23,1kdX7lgv9YNyDNnqYSus6xx0e20=,R+uf4Cv36MX1BXpgZVKHDFOf+80=
-31,-20,1kdX7lgv9YNyDNnqYSus6xx0e20=,RgpgrRge2VxUiEKAHqcN1bK07eE=
-24,-19,1kdX7lgv9YNyDNnqYSus6xx0e20=,R+uf4Cv36MX1BXpgZVKHDFOf+80=
-23,-19,1kdX7lgv9YNyDNnqYSus6xx0e20=,R+uf4Cv36MX1BXpgZVKHDFOf+80=
-19,-19,1kdX7lgv9YNyDNnqYSus6xx0e20=,R+uf4Cv36MX1BXpgZVKHDFOf+80=
-18,-19,1kdX7lgv9YNyDNnqYSus6xx0e20=,R+uf4Cv36MX1BXpgZVKHDFOf+80=
-23,-22,1kdX7lgv9YNyDNnqYSus6xx0e20=,R+uf4Cv36MX1BXpgZVKHDFOf+80=
-23,-18,1kdX7lgv9YNyDNnqYSus6xx0e20=,R+uf4Cv36MX1BXpgZVKHDFOf+80=
-24,-18,1kdX7lgv9YNyDNnqYSus6xx0e20=,R+uf4Cv36MX1BXpgZVKHDFOf+80=
-26,-21,1kdX7lgv9YNyDNnqYSus6xx0e20=,RgpgrRge2VxUiEKAHqcN1bK07eE=
-22,-18,1kdX7lgv9YNyDNnqYSus6xx0e20=,R+uf4Cv36MX1BXpgZVKHDFOf+80=
-21,-18,1kdX7lgv9YNyDNnqYSus6xx0e20=,R+uf4Cv36MX1BXpgZVKHDFOf+80=
-20,-18,1kdX7lgv9YNyDNnqYSus6xx0e20=,R+uf4Cv36MX1BXpgZVKHDFOf+80=
-22,-22,1kdX7lgv9YNyDNnqYSus6xx0e20=,R+uf4Cv36MX1BXpgZVKHDFOf+80=
-25,-21,1kdX7lgv9YNyDNnqYSus6xx0e20=,RgpgrRge2VxUiEKAHqcN1bK07eE=
-19,-18,1kdX7lgv9YNyDNnqYSus6xx0e20=,R+uf4Cv36MX1BXpgZVKHDFOf+80=
-21,-22,1kdX7lgv9YNyDNnqYSus6xx0e20=,R+uf4Cv36MX1BXpgZVKHDFOf+80=
-24,-23,1kdX7lgv9YNyDNnqYSus6xx0e20=,R+uf4Cv36MX1BXpgZVKHDFOf+80=
-23,-23,1kdX7lgv9YNyDNnqYSus6xx0e20=,R+uf4Cv36MX1BXpgZVKHDFOf+80=
-23,-21,1kdX7lgv9YNyDNnqYSus6xx0e20=,R+uf4Cv36MX1BXpgZVKHDFOf+80=
-21,-23,1kdX7lgv9YNyDNnqYSus6xx0e20=,R+uf4Cv36MX1BXpgZVKHDFOf+80=
-24,-22,1kdX7lgv9YNyDNnqYSus6xx0e20=,R+uf4Cv36MX1BXpgZVKHDFOf+80=
-24,-20,1kdX7lgv9YNyDNnqYSus6xx0e20=,R+uf4Cv36MX1BXpgZVKHDFOf+80=
-23,-20,1kdX7lgv9YNyDNnqYSus6xx0e20=,R+uf4Cv36MX1BXpgZVKHDFOf+80=
-22,-20,1kdX7lgv9YNyDNnqYSus6xx0e20=,R+uf4Cv36MX1BXpgZVKHDFOf+80=
-21,-20,1kdX7lgv9YNyDNnqYSus6xx0e20=,R+uf4Cv36MX1BXpgZVKHDFOf+80=
-18,-18,1kdX7lgv9YNyDNnqYSus6xx0e20=,R+uf4Cv36MX1BXpgZVKHDFOf+80=
-20,-20,1kdX7lgv9YNyDNnqYSus6xx0e20=,R+uf4Cv36MX1BXpgZVKHDFOf+80=
-22,-21,1kdX7lgv9YNyDNnqYSus6xx0e20=,R+uf4Cv36MX1BXpgZVKHDFOf+80=
-19,-20,1kdX7lgv9YNyDNnqYSus6xx0e20=,R+uf4Cv36MX1BXpgZVKHDFOf+80=
-20,-22,1kdX7lgv9YNyDNnqYSus6xx0e20=,R+uf4Cv36MX1BXpgZVKHDFOf+80=
-21,-21,1kdX7lgv9YNyDNnqYSus6xx0e20=,R+uf4Cv36MX1BXpgZVKHDFOf+80=
-19,-22,1kdX7lgv9YNyDNnqYSus6xx0e20=,R+uf4Cv36MX1BXpgZVKHDFOf+80=
-25,-20,1kdX7lgv9YNyDNnqYSus6xx0e20=,RgpgrRge2VxUiEKAHqcN1bK07eE=
-20,-21,1kdX7lgv9YNyDNnqYSus6xx0e20=,R+uf4Cv36MX1BXpgZVKHDFOf+80=
-25,-19,1kdX7lgv9YNyDNnqYSus6xx0e20=,RgpgrRge2VxUiEKAHqcN1bK07eE=
-20,-23,1kdX7lgv9YNyDNnqYSus6xx0e20=,R+uf4Cv36MX1BXpgZVKHDFOf+80=
-25,-23,1kdX7lgv9YNyDNnqYSus6xx0e20=,RgpgrRge2VxUiEKAHqcN1bK07eE=
-19,-21,1kdX7lgv9YNyDNnqYSus6xx0e20=,R+uf4Cv36MX1BXpgZVKHDFOf+80=
-18,-22,1kdX7lgv9YNyDNnqYSus6xx0e20=,R+uf4Cv36MX1BXpgZVKHDFOf+80=
-25,-18,1kdX7lgv9YNyDNnqYSus6xx0e20=,RgpgrRge2VxUiEKAHqcN1bK07eE=
-19,-23,1kdX7lgv9YNyDNnqYSus6xx0e20=,R+uf4Cv36MX1BXpgZVKHDFOf+80=
-25,-22,1kdX7lgv9YNyDNnqYSus6xx0e20=,RgpgrRge2VxUiEKAHqcN1bK07eE=
-18,-23,1kdX7lgv9YNyDNnqYSus6xx0e20=,R+uf4Cv36MX1BXpgZVKHDFOf+80=
-24,-21,1kdX7lgv9YNyDNnqYSus6xx0e20=,R+uf4Cv36MX1BXpgZVKHDFOf+80=
-18,-20,1kdX7lgv9YNyDNnqYSus6xx0e20=,R+uf4Cv36MX1BXpgZVKHDFOf+80=
-18,-21,1kdX7lgv9YNyDNnqYSus6xx0e20=,R+uf4Cv36MX1BXpgZVKHDFOf+80=
-22,-19,1kdX7lgv9YNyDNnqYSus6xx0e20=,R+uf4Cv36MX1BXpgZVKHDFOf+80=
-21,-19,1kdX7lgv9YNyDNnqYSus6xx0e20=,R+uf4Cv36MX1BXpgZVKHDFOf+80=
-20,-19,1kdX7lgv9YNyDNnqYSus6xx0e20=,R+uf4Cv36MX1BXpgZVKHDFOf+80=
-28,-29,1kdX7lgv9YNyDNnqYSus6xx0e20=,yqrT7EZjnQmMdqsOWyKnGNGSScs=
-27,-29,1kdX7lgv9YNyDNnqYSus6xx0e20=,yqrT7EZjnQmMdqsOWyKnGNGSScs=
-26,-29,1kdX7lgv9YNyDNnqYSus6xx0e20=,yqrT7EZjnQmMdqsOWyKnGNGSScs=
-31,-28,1kdX7lgv9YNyDNnqYSus6xx0e20=,yqrT7EZjnQmMdqsOWyKnGNGSScs=
-30,-28,1kdX7lgv9YNyDNnqYSus6xx0e20=,yqrT7EZjnQmMdqsOWyKnGNGSScs=
-29,-28,1kdX7lgv9YNyDNnqYSus6xx0e20=,yqrT7EZjnQmMdqsOWyKnGNGSScs=
-28,-28,1kdX7lgv9YNyDNnqYSus6xx0e20=,yqrT7EZjnQmMdqsOWyKnGNGSScs=
-27,-28,1kdX7lgv9YNyDNnqYSus6xx0e20=,yqrT7EZjnQmMdqsOWyKnGNGSScs=
-26,-28,1kdX7lgv9YNyDNnqYSus6xx0e20=,yqrT7EZjnQmMdqsOWyKnGNGSScs=
-31,-27,1kdX7lgv9YNyDNnqYSus6xx0e20=,yqrT7EZjnQmMdqsOWyKnGNGSScs=
-31,-24,1kdX7lgv9YNyDNnqYSus6xx0e20=,RgpgrRge2VxUiEKAHqcN1bK07eE=
-30,-24,1kdX7lgv9YNyDNnqYSus6xx0e20=,RgpgrRge2VxUiEKAHqcN1bK07eE=
-29,-24,1kdX7lgv9YNyDNnqYSus6xx0e20=,RgpgrRge2VxUiEKAHqcN1bK07eE=
-30,-27,1kdX7lgv9YNyDNnqYSus6xx0e20=,yqrT7EZjnQmMdqsOWyKnGNGSScs=
-29,-27,1kdX7lgv9YNyDNnqYSus6xx0e20=,yqrT7EZjnQmMdqsOWyKnGNGSScs=
-28,-24,1kdX7lgv9YNyDNnqYSus6xx0e20=,RgpgrRge2VxUiEKAHqcN1bK07eE=
-31,-31,1kdX7lgv9YNyDNnqYSus6xx0e20=,yqrT7EZjnQmMdqsOWyKnGNGSScs=
-28,-27,1kdX7lgv9YNyDNnqYSus6xx0e20=,yqrT7EZjnQmMdqsOWyKnGNGSScs=
-27,-24,1kdX7lgv9YNyDNnqYSus6xx0e20=,RgpgrRge2VxUiEKAHqcN1bK07eE=
-30,-31,1kdX7lgv9YNyDNnqYSus6xx0e20=,yqrT7EZjnQmMdqsOWyKnGNGSScs=
-27,-27,1kdX7lgv9YNyDNnqYSus6xx0e20=,yqrT7EZjnQmMdqsOWyKnGNGSScs=
-26,-24,1kdX7lgv9YNyDNnqYSus6xx0e20=,RgpgrRge2VxUiEKAHqcN1bK07eE=
-26,-27,1kdX7lgv9YNyDNnqYSus6xx0e20=,yqrT7EZjnQmMdqsOWyKnGNGSScs=
-29,-31,1kdX7lgv9YNyDNnqYSus6xx0e20=,yqrT7EZjnQmMdqsOWyKnGNGSScs=
-28,-31,1kdX7lgv9YNyDNnqYSus6xx0e20=,yqrT7EZjnQmMdqsOWyKnGNGSScs=
-27,-31,1kdX7lgv9YNyDNnqYSus6xx0e20=,yqrT7EZjnQmMdqsOWyKnGNGSScs=
-31,-26,1kdX7lgv9YNyDNnqYSus6xx0e20=,yqrT7EZjnQmMdqsOWyKnGNGSScs=
-30,-26,1kdX7lgv9YNyDNnqYSus6xx0e20=,yqrT7EZjnQmMdqsOWyKnGNGSScs=
-29,-26,1kdX7lgv9YNyDNnqYSus6xx0e20=,yqrT7EZjnQmMdqsOWyKnGNGSScs=
-28,-26,1kdX7lgv9YNyDNnqYSus6xx0e20=,yqrT7EZjnQmMdqsOWyKnGNGSScs=
-26,-31,1kdX7lgv9YNyDNnqYSus6xx0e20=,yqrT7EZjnQmMdqsOWyKnGNGSScs=
-27,-26,1kdX7lgv9YNyDNnqYSus6xx0e20=,yqrT7EZjnQmMdqsOWyKnGNGSScs=
-31,-30,1kdX7lgv9YNyDNnqYSus6xx0e20=,yqrT7EZjnQmMdqsOWyKnGNGSScs=
-30,-30,1kdX7lgv9YNyDNnqYSus6xx0e20=,yqrT7EZjnQmMdqsOWyKnGNGSScs=
-26,-26,1kdX7lgv9YNyDNnqYSus6xx0e20=,yqrT7EZjnQmMdqsOWyKnGNGSScs=
-29,-30,1kdX7lgv9YNyDNnqYSus6xx0e20=,yqrT7EZjnQmMdqsOWyKnGNGSScs=
-28,-30,1kdX7lgv9YNyDNnqYSus6xx0e20=,yqrT7EZjnQmMdqsOWyKnGNGSScs=
-27,-30,1kdX7lgv9YNyDNnqYSus6xx0e20=,yqrT7EZjnQmMdqsOWyKnGNGSScs=
-26,-25,1kdX7lgv9YNyDNnqYSus6xx0e20=,yqrT7EZjnQmMdqsOWyKnGNGSScs=
-29,-29,1kdX7lgv9YNyDNnqYSus6xx0e20=,yqrT7EZjnQmMdqsOWyKnGNGSScs=
-27,-25,1kdX7lgv9YNyDNnqYSus6xx0e20=,yqrT7EZjnQmMdqsOWyKnGNGSScs=
-30,-29,1kdX7lgv9YNyDNnqYSus6xx0e20=,yqrT7EZjnQmMdqsOWyKnGNGSScs=
-31,-29,1kdX7lgv9YNyDNnqYSus6xx0e20=,yqrT7EZjnQmMdqsOWyKnGNGSScs=
-28,-25,1kdX7lgv9YNyDNnqYSus6xx0e20=,yqrT7EZjnQmMdqsOWyKnGNGSScs=
-29,-25,1kdX7lgv9YNyDNnqYSus6xx0e20=,yqrT7EZjnQmMdqsOWyKnGNGSScs=
-30,-25,1kdX7lgv9YNyDNnqYSus6xx0e20=,yqrT7EZjnQmMdqsOWyKnGNGSScs=
-31,-25,1kdX7lgv9YNyDNnqYSus6xx0e20=,yqrT7EZjnQmMdqsOWyKnGNGSScs=
-26,-30,1kdX7lgv9YNyDNnqYSus6xx0e20=,yqrT7EZjnQmMdqsOWyKnGNGSScs=
-25,-25,1kdX7lgv9YNyDNnqYSus6xx0e20=,yqrT7EZjnQmMdqsOWyKnGNGSScs=
-20,-27,1kdX7lgv9YNyDNnqYSus6xx0e20=,ywJbRptFZzCOhJLFWAObgiTos84=
-21,-27,1kdX7lgv9YNyDNnqYSus6xx0e20=,ywJbRptFZzCOhJLFWAObgiTos84=
-19,-27,1kdX7lgv9YNyDNnqYSus6xx0e20=,ywJbRptFZzCOhJLFWAObgiTos84=
-24,-24,1kdX7lgv9YNyDNnqYSus6xx0e20=,R+uf4Cv36MX1BXpgZVKHDFOf+80=
-18,-28,1kdX7lgv9YNyDNnqYSus6xx0e20=,ywJbRptFZzCOhJLFWAObgiTos84=
-19,-28,1kdX7lgv9YNyDNnqYSus6xx0e20=,ywJbRptFZzCOhJLFWAObgiTos84=
-18,-27,1kdX7lgv9YNyDNnqYSus6xx0e20=,ywJbRptFZzCOhJLFWAObgiTos84=
-23,-24,1kdX7lgv9YNyDNnqYSus6xx0e20=,R+uf4Cv36MX1BXpgZVKHDFOf+80=
-22,-24,1kdX7lgv9YNyDNnqYSus6xx0e20=,R+uf4Cv36MX1BXpgZVKHDFOf+80=
-20,-28,1kdX7lgv9YNyDNnqYSus6xx0e20=,ywJbRptFZzCOhJLFWAObgiTos84=
-24,-26,1kdX7lgv9YNyDNnqYSus6xx0e20=,ywJbRptFZzCOhJLFWAObgiTos84=
-25,-30,1kdX7lgv9YNyDNnqYSus6xx0e20=,yqrT7EZjnQmMdqsOWyKnGNGSScs=
-25,-26,1kdX7lgv9YNyDNnqYSus6xx0e20=,yqrT7EZjnQmMdqsOWyKnGNGSScs=
-25,-29,1kdX7lgv9YNyDNnqYSus6xx0e20=,yqrT7EZjnQmMdqsOWyKnGNGSScs=
-23,-26,1kdX7lgv9YNyDNnqYSus6xx0e20=,ywJbRptFZzCOhJLFWAObgiTos84=
-22,-28,1kdX7lgv9YNyDNnqYSus6xx0e20=,ywJbRptFZzCOhJLFWAObgiTos84=
-21,-28,1kdX7lgv9YNyDNnqYSus6xx0e20=,ywJbRptFZzCOhJLFWAObgiTos84=
-22,-26,1kdX7lgv9YNyDNnqYSus6xx0e20=,ywJbRptFZzCOhJLFWAObgiTos84=
-20,-24,1kdX7lgv9YNyDNnqYSus6xx0e20=,R+uf4Cv36MX1BXpgZVKHDFOf+80=
-21,-26,1kdX7lgv9YNyDNnqYSus6xx0e20=,ywJbRptFZzCOhJLFWAObgiTos84=
-23,-28,1kdX7lgv9YNyDNnqYSus6xx0e20=,ywJbRptFZzCOhJLFWAObgiTos84=
-19,-24,1kdX7lgv9YNyDNnqYSus6xx0e20=,R+uf4Cv36MX1BXpgZVKHDFOf+80=
-24,-28,1kdX7lgv9YNyDNnqYSus6xx0e20=,ywJbRptFZzCOhJLFWAObgiTos84=
-20,-26,1kdX7lgv9YNyDNnqYSus6xx0e20=,ywJbRptFZzCOhJLFWAObgiTos84=
-18,-29,1kdX7lgv9YNyDNnqYSus6xx0e20=,ywJbRptFZzCOhJLFWAObgiTos84=
-19,-29,1kdX7lgv9YNyDNnqYSus6xx0e20=,ywJbRptFZzCOhJLFWAObgiTos84=
-18,-24,1kdX7lgv9YNyDNnqYSus6xx0e20=,R+uf4Cv36MX1BXpgZVKHDFOf+80=
-25,-31,1kdX7lgv9YNyDNnqYSus6xx0e20=,yqrT7EZjnQmMdqsOWyKnGNGSScs=
-20,-29,1kdX7lgv9YNyDNnqYSus6xx0e20=,ywJbRptFZzCOhJLFWAObgiTos84=
-19,-26,1kdX7lgv9YNyDNnqYSus6xx0e20=,ywJbRptFZzCOhJLFWAObgiTos84=
-24,-27,1kdX7lgv9YNyDNnqYSus6xx0e20=,ywJbRptFZzCOhJLFWAObgiTos84=
-21,-29,1kdX7lgv9YNyDNnqYSus6xx0e20=,ywJbRptFZzCOhJLFWAObgiTos84=
-22,-29,1kdX7lgv9YNyDNnqYSus6xx0e20=,ywJbRptFZzCOhJLFWAObgiTos84=
-25,-27,1kdX7lgv9YNyDNnqYSus6xx0e20=,yqrT7EZjnQmMdqsOWyKnGNGSScs=
-18,-26,1kdX7lgv9YNyDNnqYSus6xx0e20=,ywJbRptFZzCOhJLFWAObgiTos84=
-23,-29,1kdX7lgv9YNyDNnqYSus6xx0e20=,ywJbRptFZzCOhJLFWAObgiTos84=
-21,-24,1kdX7lgv9YNyDNnqYSus6xx0e20=,R+uf4Cv36MX1BXpgZVKHDFOf+80=
-24,-25,1kdX7lgv9YNyDNnqYSus6xx0e20=,ywJbRptFZzCOhJLFWAObgiTos84=
-25,-24,1kdX7lgv9YNyDNnqYSus6xx0e20=,RgpgrRge2VxUiEKAHqcN1bK07eE=
-23,-25,1kdX7lgv9YNyDNnqYSus6xx0e20=,ywJbRptFZzCOhJLFWAObgiTos84=
-22,-25,1kdX7lgv9YNyDNnqYSus6xx0e20=,ywJbRptFZzCOhJLFWAObgiTos84=
-21,-25,1kdX7lgv9YNyDNnqYSus6xx0e20=,ywJbRptFZzCOhJLFWAObgiTos84=
-20,-25,1kdX7lgv9YNyDNnqYSus6xx0e20=,ywJbRptFZzCOhJLFWAObgiTos84=
-24,-29,1kdX7lgv9YNyDNnqYSus6xx0e20=,ywJbRptFZzCOhJLFWAObgiTos84=
-25,-28,1kdX7lgv9YNyDNnqYSus6xx0e20=,yqrT7EZjnQmMdqsOWyKnGNGSScs=
-18,-30,1kdX7lgv9YNyDNnqYSus6xx0e20=,ywJbRptFZzCOhJLFWAObgiTos84=
-19,-30,1kdX7lgv9YNyDNnqYSus6xx0e20=,ywJbRptFZzCOhJLFWAObgiTos84=
-20,-30,1kdX7lgv9YNyDNnqYSus6xx0e20=,ywJbRptFZzCOhJLFWAObgiTos84=
-24,-31,1kdX7lgv9YNyDNnqYSus6xx0e20=,ywJbRptFZzCOhJLFWAObgiTos84=
-19,-25,1kdX7lgv9YNyDNnqYSus6xx0e20=,ywJbRptFZzCOhJLFWAObgiTos84=
-21,-30,1kdX7lgv9YNyDNnqYSus6xx0e20=,ywJbRptFZzCOhJLFWAObgiTos84=
-23,-30,1kdX7lgv9YNyDNnqYSus6xx0e20=,ywJbRptFZzCOhJLFWAObgiTos84=
-22,-30,1kdX7lgv9YNyDNnqYSus6xx0e20=,ywJbRptFZzCOhJLFWAObgiTos84=
-18,-25,1kdX7lgv9YNyDNnqYSus6xx0e20=,ywJbRptFZzCOhJLFWAObgiTos84=
-24,-30,1kdX7lgv9YNyDNnqYSus6xx0e20=,ywJbRptFZzCOhJLFWAObgiTos84=
-18,-31,1kdX7lgv9YNyDNnqYSus6xx0e20=,ywJbRptFZzCOhJLFWAObgiTos84=
-19,-31,1kdX7lgv9YNyDNnqYSus6xx0e20=,ywJbRptFZzCOhJLFWAObgiTos84=
-23,-31,1kdX7lgv9YNyDNnqYSus6xx0e20=,ywJbRptFZzCOhJLFWAObgiTos84=
-21,-31,1kdX7lgv9YNyDNnqYSus6xx0e20=,ywJbRptFZzCOhJLFWAObgiTos84=
-20,-31,1kdX7lgv9YNyDNnqYSus6xx0e20=,ywJbRptFZzCOhJLFWAObgiTos84=
-23,-27,1kdX7lgv9YNyDNnqYSus6xx0e20=,ywJbRptFZzCOhJLFWAObgiTos84=
-22,-27,1kdX7lgv9YNyDNnqYSus6xx0e20=,ywJbRptFZzCOhJLFWAObgiTos84=
-22,-31,1kdX7lgv9YNyDNnqYSus6xx0e20=,ywJbRptFZzCOhJLFWAObgiTos84=
-31,-17,YNADd+Dd6UV25CNAb6SbL4qIqo4=,RgpgrRge2VxUiEKAHqcN1bK07eE=
-30,-17,YNADd+Dd6UV25CNAb6SbL4qIqo4=,RgpgrRge2VxUiEKAHqcN1bK07eE=
-29,-17,YNADd+Dd6UV25CNAb6SbL4qIqo4=,RgpgrRge2VxUiEKAHqcN1bK07eE=
-28,-17,YNADd+Dd6UV25CNAb6SbL4qIqo4=,RgpgrRge2VxUiEKAHqcN1bK07eE=
-27,-17,YNADd+Dd6UV25CNAb6SbL4qIqo4=,RgpgrRge2VxUiEKAHqcN1bK07eE=
-26,-17,YNADd+Dd6UV25CNAb6SbL4qIqo4=,RgpgrRge2VxUiEKAHqcN1bK07eE=
-20,-17,YNADd+Dd6UV25CNAb6SbL4qIqo4=,R+uf4Cv36MX1BXpgZVKHDFOf+80=
-19,-17,YNADd+Dd6UV25CNAb6SbL4qIqo4=,R+uf4Cv36MX1BXpgZVKHDFOf+80=
-18,-17,YNADd+Dd6UV25CNAb6SbL4qIqo4=,R+uf4Cv36MX1BXpgZVKHDFOf+80=
-24,-17,YNADd+Dd6UV25CNAb6SbL4qIqo4=,R+uf4Cv36MX1BXpgZVKHDFOf+80=
-22,-17,YNADd+Dd6UV25CNAb6SbL4qIqo4=,R+uf4Cv36MX1BXpgZVKHDFOf+80=
-21,-17,YNADd+Dd6UV25CNAb6SbL4qIqo4=,R+uf4Cv36MX1BXpgZVKHDFOf+80=
-25,-17,YNADd+Dd6UV25CNAb6SbL4qIqo4=,RgpgrRge2VxUiEKAHqcN1bK07eE=
-17,-20,YNADd+Dd6UV25CNAb6SbL4qIqo4=,R+uf4Cv36MX1BXpgZVKHDFOf+80=
-23,-17,YNADd+Dd6UV25CNAb6SbL4qIqo4=,R+uf4Cv36MX1BXpgZVKHDFOf+80=
-17,-19,YNADd+Dd6UV25CNAb6SbL4qIqo4=,R+uf4Cv36MX1BXpgZVKHDFOf+80=
-17,-21,YNADd+Dd6UV25CNAb6SbL4qIqo4=,R+uf4Cv36MX1BXpgZVKHDFOf+80=
-17,-18,YNADd+Dd6UV25CNAb6SbL4qIqo4=,R+uf4Cv36MX1BXpgZVKHDFOf+80=
-17,-22,YNADd+Dd6UV25CNAb6SbL4qIqo4=,R+uf4Cv36MX1BXpgZVKHDFOf+80=
-17,-23,YNADd+Dd6UV25CNAb6SbL4qIqo4=,R+uf4Cv36MX1BXpgZVKHDFOf+80=
-17,-28,YNADd+Dd6UV25CNAb6SbL4qIqo4=,ywJbRptFZzCOhJLFWAObgiTos84=
-17,-27,YNADd+Dd6UV25CNAb6SbL4qIqo4=,ywJbRptFZzCOhJLFWAObgiTos84=
-17,-29,YNADd+Dd6UV25CNAb6SbL4qIqo4=,ywJbRptFZzCOhJLFWAObgiTos84=
-17,-24,YNADd+Dd6UV25CNAb6SbL4qIqo4=,R+uf4Cv36MX1BXpgZVKHDFOf+80=
-17,-30,YNADd+Dd6UV25CNAb6SbL4qIqo4=,ywJbRptFZzCOhJLFWAObgiTos84=
-17,-31,YNADd+Dd6UV25CNAb6SbL4qIqo4=,ywJbRptFZzCOhJLFWAObgiTos84=
-17,-26,YNADd+Dd6UV25CNAb6SbL4qIqo4=,ywJbRptFZzCOhJLFWAObgiTos84=
-17,-25,YNADd+Dd6UV25CNAb6SbL4qIqo4=,ywJbRptFZzCOhJLFWAObgiTos84=
-32,-20,H+kWAg7Z8XZz77CLv608pkSMED4=,RgpgrRge2VxUiEKAHqcN1bK07eE=
-23,-32,H+kWAg7Z8XZz77CLv608pkSMED4=,ywJbRptFZzCOhJLFWAObgiTos84=
-18,-32,H+kWAg7Z8XZz77CLv608pkSMED4=,ywJbRptFZzCOhJLFWAObgiTos84=
-19,-32,H+kWAg7Z8XZz77CLv608pkSMED4=,ywJbRptFZzCOhJLFWAObgiTos84=
-32,-21,H+kWAg7Z8XZz77CLv608pkSMED4=,RgpgrRge2VxUiEKAHqcN1bK07eE=
-32,-22,H+kWAg7Z8XZz77CLv608pkSMED4=,RgpgrRge2VxUiEKAHqcN1bK07eE=
-32,-18,H+kWAg7Z8XZz77CLv608pkSMED4=,RgpgrRge2VxUiEKAHqcN1bK07eE=
-32,-23,H+kWAg7Z8XZz77CLv608pkSMED4=,RgpgrRge2VxUiEKAHqcN1bK07eE=
-32,-19,H+kWAg7Z8XZz77CLv608pkSMED4=,RgpgrRge2VxUiEKAHqcN1bK07eE=
-22,-32,H+kWAg7Z8XZz77CLv608pkSMED4=,ywJbRptFZzCOhJLFWAObgiTos84=
-21,-32,H+kWAg7Z8XZz77CLv608pkSMED4=,ywJbRptFZzCOhJLFWAObgiTos84=
-20,-32,H+kWAg7Z8XZz77CLv608pkSMED4=,ywJbRptFZzCOhJLFWAObgiTos84=
-32,-28,H+kWAg7Z8XZz77CLv608pkSMED4=,yqrT7EZjnQmMdqsOWyKnGNGSScs=
-32,-24,H+kWAg7Z8XZz77CLv608pkSMED4=,RgpgrRge2VxUiEKAHqcN1bK07eE=
-32,-31,H+kWAg7Z8XZz77CLv608pkSMED4=,yqrT7EZjnQmMdqsOWyKnGNGSScs=
-32,-26,H+kWAg7Z8XZz77CLv608pkSMED4=,yqrT7EZjnQmMdqsOWyKnGNGSScs=
-32,-30,H+kWAg7Z8XZz77CLv608pkSMED4=,yqrT7EZjnQmMdqsOWyKnGNGSScs=
-32,-29,H+kWAg7Z8XZz77CLv608pkSMED4=,yqrT7EZjnQmMdqsOWyKnGNGSScs=
-32,-25,H+kWAg7Z8XZz77CLv608pkSMED4=,yqrT7EZjnQmMdqsOWyKnGNGSScs=
-24,-32,H+kWAg7Z8XZz77CLv608pkSMED4=,ywJbRptFZzCOhJLFWAObgiTos84=
-31,-32,H+kWAg7Z8XZz77CLv608pkSMED4=,yqrT7EZjnQmMdqsOWyKnGNGSScs=
-30,-32,H+kWAg7Z8XZz77CLv608pkSMED4=,yqrT7EZjnQmMdqsOWyKnGNGSScs=
-29,-32,H+kWAg7Z8XZz77CLv608pkSMED4=,yqrT7EZjnQmMdqsOWyKnGNGSScs=
-28,-32,H+kWAg7Z8XZz77CLv608pkSMED4=,yqrT7EZjnQmMdqsOWyKnGNGSScs=
-26,-32,H+kWAg7Z8XZz77CLv608pkSMED4=,yqrT7EZjnQmMdqsOWyKnGNGSScs=
-25,-32,H+kWAg7Z8XZz77CLv608pkSMED4=,yqrT7EZjnQmMdqsOWyKnGNGSScs=
-27,-32,H+kWAg7Z8XZz77CLv608pkSMED4=,yqrT7EZjnQmMdqsOWyKnGNGSScs=
-32,-27,H+kWAg7Z8XZz77CLv608pkSMED4=,yqrT7EZjnQmMdqsOWyKnGNGSScs=
-32,-32,H+kWAg7Z8XZz77CLv608pkSMED4=,yqrT7EZjnQmMdqsOWyKnGNGSScs=
-32,-17,H+kWAg7Z8XZz77CLv608pkSMED4=,RgpgrRge2VxUiEKAHqcN1bK07eE=
-17,-17,H+kWAg7Z8XZz77CLv608pkSMED4=,R+uf4Cv36MX1BXpgZVKHDFOf+80=
-17,-32,H+kWAg7Z8XZz77CLv608pkSMED4=,ywJbRptFZzCOhJLFWAObgiTos84=
-28,-11,UEJFHlioD9ZityZJbVg3vsztKC4=,nPXtqJa6CIFLjNNBja/+CQiJ0Ko=
-29,-11,UEJFHlioD9ZityZJbVg3vsztKC4=,nPXtqJa6CIFLjNNBja/+CQiJ0Ko=
-30,-11,UEJFHlioD9ZityZJbVg3vsztKC4=,nPXtqJa6CIFLjNNBja/+CQiJ0Ko=
-31,-11,UEJFHlioD9ZityZJbVg3vsztKC4=,nPXtqJa6CIFLjNNBja/+CQiJ0Ko=
-26,-12,UEJFHlioD9ZityZJbVg3vsztKC4=,nPXtqJa6CIFLjNNBja/+CQiJ0Ko=
-27,-12,UEJFHlioD9ZityZJbVg3vsztKC4=,nPXtqJa6CIFLjNNBja/+CQiJ0Ko=
-28,-12,UEJFHlioD9ZityZJbVg3vsztKC4=,nPXtqJa6CIFLjNNBja/+CQiJ0Ko=
-29,-12,UEJFHlioD9ZityZJbVg3vsztKC4=,nPXtqJa6CIFLjNNBja/+CQiJ0Ko=
-30,-12,UEJFHlioD9ZityZJbVg3vsztKC4=,nPXtqJa6CIFLjNNBja/+CQiJ0Ko=
-31,-12,UEJFHlioD9ZityZJbVg3vsztKC4=,nPXtqJa6CIFLjNNBja/+CQiJ0Ko=
-26,-13,UEJFHlioD9ZityZJbVg3vsztKC4=,nPXtqJa6CIFLjNNBja/+CQiJ0Ko=
-27,-13,UEJFHlioD9ZityZJbVg3vsztKC4=,nPXtqJa6CIFLjNNBja/+CQiJ0Ko=
-28,-13,UEJFHlioD9ZityZJbVg3vsztKC4=,nPXtqJa6CIFLjNNBja/+CQiJ0Ko=
-29,-13,UEJFHlioD9ZityZJbVg3vsztKC4=,nPXtqJa6CIFLjNNBja/+CQiJ0Ko=
-30,-13,UEJFHlioD9ZityZJbVg3vsztKC4=,nPXtqJa6CIFLjNNBja/+CQiJ0Ko=
-31,-13,UEJFHlioD9ZityZJbVg3vsztKC4=,nPXtqJa6CIFLjNNBja/+CQiJ0Ko=
-26,-14,UEJFHlioD9ZityZJbVg3vsztKC4=,nPXtqJa6CIFLjNNBja/+CQiJ0Ko=
-27,-14,AARM8mVOgeFS8JXNjECHiU3Gthk=,nPXtqJa6CIFLjNNBja/+CQiJ0Ko=
-28,-14,AARM8mVOgeFS8JXNjECHiU3Gthk=,nPXtqJa6CIFLjNNBja/+CQiJ0Ko=
-30,-14,AARM8mVOgeFS8JXNjECHiU3Gthk=,nPXtqJa6CIFLjNNBja/+CQiJ0Ko=
-31,-14,AARM8mVOgeFS8JXNjECHiU3Gthk=,nPXtqJa6CIFLjNNBja/+CQiJ0Ko=
-29,-14,AARM8mVOgeFS8JXNjECHiU3Gthk=,nPXtqJa6CIFLjNNBja/+CQiJ0Ko=
-26,-15,AARM8mVOgeFS8JXNjECHiU3Gthk=,nPXtqJa6CIFLjNNBja/+CQiJ0Ko=
-27,-15,AARM8mVOgeFS8JXNjECHiU3Gthk=,nPXtqJa6CIFLjNNBja/+CQiJ0Ko=
-28,-15,AARM8mVOgeFS8JXNjECHiU3Gthk=,nPXtqJa6CIFLjNNBja/+CQiJ0Ko=
-29,-15,AARM8mVOgeFS8JXNjECHiU3Gthk=,nPXtqJa6CIFLjNNBja/+CQiJ0Ko=
-31,-15,AARM8mVOgeFS8JXNjECHiU3Gthk=,nPXtqJa6CIFLjNNBja/+CQiJ0Ko=
-30,-15,AARM8mVOgeFS8JXNjECHiU3Gthk=,nPXtqJa6CIFLjNNBja/+CQiJ0Ko=
-26,-10,AARM8mVOgeFS8JXNjECHiU3Gthk=,nPXtqJa6CIFLjNNBja/+CQiJ0Ko=
-27,-10,AARM8mVOgeFS8JXNjECHiU3Gthk=,nPXtqJa6CIFLjNNBja/+CQiJ0Ko=
-28,-10,AARM8mVOgeFS8JXNjECHiU3Gthk=,nPXtqJa6CIFLjNNBja/+CQiJ0Ko=
-29,-10,AARM8mVOgeFS8JXNjECHiU3Gthk=,nPXtqJa6CIFLjNNBja/+CQiJ0Ko=
-30,-10,AARM8mVOgeFS8JXNjECHiU3Gthk=,nPXtqJa6CIFLjNNBja/+CQiJ0Ko=
-31,-10,AARM8mVOgeFS8JXNjECHiU3Gthk=,nPXtqJa6CIFLjNNBja/+CQiJ0Ko=
-26,-11,oXsJ9LC+Z7RPn5M+phEaFHeTnfA=,nPXtqJa6CIFLjNNBja/+CQiJ0Ko=
-27,-11,5P0UFe/HxScr0u4GU/5DUSorWkU=,nPXtqJa6CIFLjNNBja/+CQiJ0Ko=
-24,-15,boSKY3xrQquUGVKgQE7rpLKJmqk=,v03mD48GegbVYWDs33iCazTxCwc=
-25,-11,boSKY3xrQquUGVKgQE7rpLKJmqk=,nPXtqJa6CIFLjNNBja/+CQiJ0Ko=
-23,-15,boSKY3xrQquUGVKgQE7rpLKJmqk=,v03mD48GegbVYWDs33iCazTxCwc=
-21,-15,boSKY3xrQquUGVKgQE7rpLKJmqk=,v03mD48GegbVYWDs33iCazTxCwc=
-20,-15,boSKY3xrQquUGVKgQE7rpLKJmqk=,v03mD48GegbVYWDs33iCazTxCwc=
-19,-15,boSKY3xrQquUGVKgQE7rpLKJmqk=,v03mD48GegbVYWDs33iCazTxCwc=
-18,-15,boSKY3xrQquUGVKgQE7rpLKJmqk=,v03mD48GegbVYWDs33iCazTxCwc=
-24,-14,boSKY3xrQquUGVKgQE7rpLKJmqk=,v03mD48GegbVYWDs33iCazTxCwc=
-23,-14,boSKY3xrQquUGVKgQE7rpLKJmqk=,v03mD48GegbVYWDs33iCazTxCwc=
-21,-14,boSKY3xrQquUGVKgQE7rpLKJmqk=,v03mD48GegbVYWDs33iCazTxCwc=
-22,-14,boSKY3xrQquUGVKgQE7rpLKJmqk=,v03mD48GegbVYWDs33iCazTxCwc=
-20,-14,boSKY3xrQquUGVKgQE7rpLKJmqk=,v03mD48GegbVYWDs33iCazTxCwc=
-25,-12,boSKY3xrQquUGVKgQE7rpLKJmqk=,nPXtqJa6CIFLjNNBja/+CQiJ0Ko=
-19,-14,boSKY3xrQquUGVKgQE7rpLKJmqk=,v03mD48GegbVYWDs33iCazTxCwc=
-18,-14,boSKY3xrQquUGVKgQE7rpLKJmqk=,v03mD48GegbVYWDs33iCazTxCwc=
-24,-13,boSKY3xrQquUGVKgQE7rpLKJmqk=,v03mD48GegbVYWDs33iCazTxCwc=
-22,-15,boSKY3xrQquUGVKgQE7rpLKJmqk=,v03mD48GegbVYWDs33iCazTxCwc=
-23,-13,boSKY3xrQquUGVKgQE7rpLKJmqk=,v03mD48GegbVYWDs33iCazTxCwc=
-22,-13,boSKY3xrQquUGVKgQE7rpLKJmqk=,v03mD48GegbVYWDs33iCazTxCwc=
-21,-13,boSKY3xrQquUGVKgQE7rpLKJmqk=,v03mD48GegbVYWDs33iCazTxCwc=
-20,-13,boSKY3xrQquUGVKgQE7rpLKJmqk=,v03mD48GegbVYWDs33iCazTxCwc=
-19,-13,boSKY3xrQquUGVKgQE7rpLKJmqk=,v03mD48GegbVYWDs33iCazTxCwc=
-25,-10,boSKY3xrQquUGVKgQE7rpLKJmqk=,nPXtqJa6CIFLjNNBja/+CQiJ0Ko=
-18,-13,boSKY3xrQquUGVKgQE7rpLKJmqk=,v03mD48GegbVYWDs33iCazTxCwc=
-24,-12,boSKY3xrQquUGVKgQE7rpLKJmqk=,v03mD48GegbVYWDs33iCazTxCwc=
-23,-12,boSKY3xrQquUGVKgQE7rpLKJmqk=,v03mD48GegbVYWDs33iCazTxCwc=
-22,-12,boSKY3xrQquUGVKgQE7rpLKJmqk=,v03mD48GegbVYWDs33iCazTxCwc=
-21,-12,boSKY3xrQquUGVKgQE7rpLKJmqk=,v03mD48GegbVYWDs33iCazTxCwc=
-18,-10,boSKY3xrQquUGVKgQE7rpLKJmqk=,v03mD48GegbVYWDs33iCazTxCwc=
-20,-12,boSKY3xrQquUGVKgQE7rpLKJmqk=,v03mD48GegbVYWDs33iCazTxCwc=
-19,-12,boSKY3xrQquUGVKgQE7rpLKJmqk=,v03mD48GegbVYWDs33iCazTxCwc=
-19,-10,boSKY3xrQquUGVKgQE7rpLKJmqk=,v03mD48GegbVYWDs33iCazTxCwc=
-20,-10,boSKY3xrQquUGVKgQE7rpLKJmqk=,v03mD48GegbVYWDs33iCazTxCwc=
-18,-12,boSKY3xrQquUGVKgQE7rpLKJmqk=,v03mD48GegbVYWDs33iCazTxCwc=
-24,-11,boSKY3xrQquUGVKgQE7rpLKJmqk=,v03mD48GegbVYWDs33iCazTxCwc=
-21,-10,boSKY3xrQquUGVKgQE7rpLKJmqk=,v03mD48GegbVYWDs33iCazTxCwc=
-23,-11,boSKY3xrQquUGVKgQE7rpLKJmqk=,v03mD48GegbVYWDs33iCazTxCwc=
-22,-10,boSKY3xrQquUGVKgQE7rpLKJmqk=,v03mD48GegbVYWDs33iCazTxCwc=
-22,-11,boSKY3xrQquUGVKgQE7rpLKJmqk=,v03mD48GegbVYWDs33iCazTxCwc=
-25,-15,boSKY3xrQquUGVKgQE7rpLKJmqk=,nPXtqJa6CIFLjNNBja/+CQiJ0Ko=
-20,-11,boSKY3xrQquUGVKgQE7rpLKJmqk=,v03mD48GegbVYWDs33iCazTxCwc=
-21,-11,boSKY3xrQquUGVKgQE7rpLKJmqk=,v03mD48GegbVYWDs33iCazTxCwc=
-19,-11,boSKY3xrQquUGVKgQE7rpLKJmqk=,v03mD48GegbVYWDs33iCazTxCwc=
-25,-14,boSKY3xrQquUGVKgQE7rpLKJmqk=,nPXtqJa6CIFLjNNBja/+CQiJ0Ko=
-18,-11,boSKY3xrQquUGVKgQE7rpLKJmqk=,v03mD48GegbVYWDs33iCazTxCwc=
-24,-10,boSKY3xrQquUGVKgQE7rpLKJmqk=,v03mD48GegbVYWDs33iCazTxCwc=
-23,-10,boSKY3xrQquUGVKgQE7rpLKJmqk=,v03mD48GegbVYWDs33iCazTxCwc=
-25,-13,boSKY3xrQquUGVKgQE7rpLKJmqk=,nPXtqJa6CIFLjNNBja/+CQiJ0Ko=
-28,-5,boSKY3xrQquUGVKgQE7rpLKJmqk=,t8UY9AVqj8afJJUZw5xVyKk7stk=
-29,-5,boSKY3xrQquUGVKgQE7rpLKJmqk=,t8UY9AVqj8afJJUZw5xVyKk7stk=
-30,-5,boSKY3xrQquUGVKgQE7rpLKJmqk=,t8UY9AVqj8afJJUZw5xVyKk7stk=
-27,-5,boSKY3xrQquUGVKgQE7rpLKJmqk=,t8UY9AVqj8afJJUZw5xVyKk7stk=
-26,-6,boSKY3xrQquUGVKgQE7rpLKJmqk=,t8UY9AVqj8afJJUZw5xVyKk7stk=
-27,-6,boSKY3xrQquUGVKgQE7rpLKJmqk=,t8UY9AVqj8afJJUZw5xVyKk7stk=
-28,-6,boSKY3xrQquUGVKgQE7rpLKJmqk=,t8UY9AVqj8afJJUZw5xVyKk7stk=
-26,-5,boSKY3xrQquUGVKgQE7rpLKJmqk=,t8UY9AVqj8afJJUZw5xVyKk7stk=
-31,-5,boSKY3xrQquUGVKgQE7rpLKJmqk=,t8UY9AVqj8afJJUZw5xVyKk7stk=
-29,-6,boSKY3xrQquUGVKgQE7rpLKJmqk=,t8UY9AVqj8afJJUZw5xVyKk7stk=
-31,-4,boSKY3xrQquUGVKgQE7rpLKJmqk=,t8UY9AVqj8afJJUZw5xVyKk7stk=
-30,-6,boSKY3xrQquUGVKgQE7rpLKJmqk=,t8UY9AVqj8afJJUZw5xVyKk7stk=
-31,-6,boSKY3xrQquUGVKgQE7rpLKJmqk=,t8UY9AVqj8afJJUZw5xVyKk7stk=
-26,-2,boSKY3xrQquUGVKgQE7rpLKJmqk=,t8UY9AVqj8afJJUZw5xVyKk7stk=
-30,-4,boSKY3xrQquUGVKgQE7rpLKJmqk=,t8UY9AVqj8afJJUZw5xVyKk7stk=
-26,-7,boSKY3xrQquUGVKgQE7rpLKJmqk=,t8UY9AVqj8afJJUZw5xVyKk7stk=
-27,-7,boSKY3xrQquUGVKgQE7rpLKJmqk=,t8UY9AVqj8afJJUZw5xVyKk7stk=
-29,-4,boSKY3xrQquUGVKgQE7rpLKJmqk=,t8UY9AVqj8afJJUZw5xVyKk7stk=
-28,-7,boSKY3xrQquUGVKgQE7rpLKJmqk=,t8UY9AVqj8afJJUZw5xVyKk7stk=
-27,-2,boSKY3xrQquUGVKgQE7rpLKJmqk=,t8UY9AVqj8afJJUZw5xVyKk7stk=
-28,-4,boSKY3xrQquUGVKgQE7rpLKJmqk=,t8UY9AVqj8afJJUZw5xVyKk7stk=
-31,-9,boSKY3xrQquUGVKgQE7rpLKJmqk=,nPXtqJa6CIFLjNNBja/+CQiJ0Ko=
-30,-9,boSKY3xrQquUGVKgQE7rpLKJmqk=,nPXtqJa6CIFLjNNBja/+CQiJ0Ko=
-29,-9,boSKY3xrQquUGVKgQE7rpLKJmqk=,nPXtqJa6CIFLjNNBja/+CQiJ0Ko=
-28,-2,boSKY3xrQquUGVKgQE7rpLKJmqk=,t8UY9AVqj8afJJUZw5xVyKk7stk=
-29,-2,boSKY3xrQquUGVKgQE7rpLKJmqk=,t8UY9AVqj8afJJUZw5xVyKk7stk=
-27,-4,boSKY3xrQquUGVKgQE7rpLKJmqk=,t8UY9AVqj8afJJUZw5xVyKk7stk=
-28,-9,boSKY3xrQquUGVKgQE7rpLKJmqk=,nPXtqJa6CIFLjNNBja/+CQiJ0Ko=
-27,-9,boSKY3xrQquUGVKgQE7rpLKJmqk=,nPXtqJa6CIFLjNNBja/+CQiJ0Ko=
-26,-9,boSKY3xrQquUGVKgQE7rpLKJmqk=,nPXtqJa6CIFLjNNBja/+CQiJ0Ko=
-30,-2,boSKY3xrQquUGVKgQE7rpLKJmqk=,t8UY9AVqj8afJJUZw5xVyKk7stk=
-26,-4,boSKY3xrQquUGVKgQE7rpLKJmqk=,t8UY9AVqj8afJJUZw5xVyKk7stk=
-31,-8,boSKY3xrQquUGVKgQE7rpLKJmqk=,t8UY9AVqj8afJJUZw5xVyKk7stk=
-29,-7,boSKY3xrQquUGVKgQE7rpLKJmqk=,t8UY9AVqj8afJJUZw5xVyKk7stk=
-30,-7,boSKY3xrQquUGVKgQE7rpLKJmqk=,t8UY9AVqj8afJJUZw5xVyKk7stk=
-31,-3,boSKY3xrQquUGVKgQE7rpLKJmqk=,t8UY9AVqj8afJJUZw5xVyKk7stk=
-31,-2,boSKY3xrQquUGVKgQE7rpLKJmqk=,t8UY9AVqj8afJJUZw5xVyKk7stk=
-30,-3,boSKY3xrQquUGVKgQE7rpLKJmqk=,t8UY9AVqj8afJJUZw5xVyKk7stk=
-30,-8,boSKY3xrQquUGVKgQE7rpLKJmqk=,t8UY9AVqj8afJJUZw5xVyKk7stk=
-29,-8,boSKY3xrQquUGVKgQE7rpLKJmqk=,t8UY9AVqj8afJJUZw5xVyKk7stk=
-26,-3,boSKY3xrQquUGVKgQE7rpLKJmqk=,t8UY9AVqj8afJJUZw5xVyKk7stk=
-31,-7,boSKY3xrQquUGVKgQE7rpLKJmqk=,t8UY9AVqj8afJJUZw5xVyKk7stk=
-28,-8,boSKY3xrQquUGVKgQE7rpLKJmqk=,t8UY9AVqj8afJJUZw5xVyKk7stk=
-26,-8,boSKY3xrQquUGVKgQE7rpLKJmqk=,t8UY9AVqj8afJJUZw5xVyKk7stk=
-27,-3,boSKY3xrQquUGVKgQE7rpLKJmqk=,t8UY9AVqj8afJJUZw5xVyKk7stk=
-29,-3,boSKY3xrQquUGVKgQE7rpLKJmqk=,t8UY9AVqj8afJJUZw5xVyKk7stk=
-28,-3,boSKY3xrQquUGVKgQE7rpLKJmqk=,t8UY9AVqj8afJJUZw5xVyKk7stk=
-27,-8,boSKY3xrQquUGVKgQE7rpLKJmqk=,t8UY9AVqj8afJJUZw5xVyKk7stk=
-24,-3,boSKY3xrQquUGVKgQE7rpLKJmqk=,qjWHhROFlvxK25RkxzDOMYlFli0=
-21,-9,boSKY3xrQquUGVKgQE7rpLKJmqk=,v03mD48GegbVYWDs33iCazTxCwc=
-18,-3,boSKY3xrQquUGVKgQE7rpLKJmqk=,qjWHhROFlvxK25RkxzDOMYlFli0=
-22,-9,boSKY3xrQquUGVKgQE7rpLKJmqk=,v03mD48GegbVYWDs33iCazTxCwc=
-24,-2,boSKY3xrQquUGVKgQE7rpLKJmqk=,qjWHhROFlvxK25RkxzDOMYlFli0=
-24,-9,boSKY3xrQquUGVKgQE7rpLKJmqk=,v03mD48GegbVYWDs33iCazTxCwc=
-24,-4,boSKY3xrQquUGVKgQE7rpLKJmqk=,qjWHhROFlvxK25RkxzDOMYlFli0=
-19,-3,boSKY3xrQquUGVKgQE7rpLKJmqk=,qjWHhROFlvxK25RkxzDOMYlFli0=
-19,-2,boSKY3xrQquUGVKgQE7rpLKJmqk=,qjWHhROFlvxK25RkxzDOMYlFli0=
-20,-9,boSKY3xrQquUGVKgQE7rpLKJmqk=,v03mD48GegbVYWDs33iCazTxCwc=
-23,-9,boSKY3xrQquUGVKgQE7rpLKJmqk=,v03mD48GegbVYWDs33iCazTxCwc=
-19,-9,boSKY3xrQquUGVKgQE7rpLKJmqk=,v03mD48GegbVYWDs33iCazTxCwc=
-21,-7,boSKY3xrQquUGVKgQE7rpLKJmqk=,qjWHhROFlvxK25RkxzDOMYlFli0=
-22,-7,boSKY3xrQquUGVKgQE7rpLKJmqk=,qjWHhROFlvxK25RkxzDOMYlFli0=
-24,-8,boSKY3xrQquUGVKgQE7rpLKJmqk=,qjWHhROFlvxK25RkxzDOMYlFli0=
-20,-3,boSKY3xrQquUGVKgQE7rpLKJmqk=,qjWHhROFlvxK25RkxzDOMYlFli0=
-25,-6,boSKY3xrQquUGVKgQE7rpLKJmqk=,t8UY9AVqj8afJJUZw5xVyKk7stk=
-18,-9,boSKY3xrQquUGVKgQE7rpLKJmqk=,v03mD48GegbVYWDs33iCazTxCwc=
-22,-6,XcdLSupi5LdwGa5aAiF5DDMNT/c=,qjWHhROFlvxK25RkxzDOMYlFli0=
-23,-3,XcdLSupi5LdwGa5aAiF5DDMNT/c=,qjWHhROFlvxK25RkxzDOMYlFli0=
-20,-2,XcdLSupi5LdwGa5aAiF5DDMNT/c=,qjWHhROFlvxK25RkxzDOMYlFli0=
-22,-5,XcdLSupi5LdwGa5aAiF5DDMNT/c=,qjWHhROFlvxK25RkxzDOMYlFli0=
-25,-2,XcdLSupi5LdwGa5aAiF5DDMNT/c=,t8UY9AVqj8afJJUZw5xVyKk7stk=
-18,-2,XcdLSupi5LdwGa5aAiF5DDMNT/c=,qjWHhROFlvxK25RkxzDOMYlFli0=
-21,-5,XcdLSupi5LdwGa5aAiF5DDMNT/c=,qjWHhROFlvxK25RkxzDOMYlFli0=
-18,-4,XcdLSupi5LdwGa5aAiF5DDMNT/c=,qjWHhROFlvxK25RkxzDOMYlFli0=
-20,-7,XcdLSupi5LdwGa5aAiF5DDMNT/c=,qjWHhROFlvxK25RkxzDOMYlFli0=
-21,-2,XcdLSupi5LdwGa5aAiF5DDMNT/c=,qjWHhROFlvxK25RkxzDOMYlFli0=
-21,-8,XcdLSupi5LdwGa5aAiF5DDMNT/c=,qjWHhROFlvxK25RkxzDOMYlFli0=
-23,-7,XcdLSupi5LdwGa5aAiF5DDMNT/c=,qjWHhROFlvxK25RkxzDOMYlFli0=
-24,-6,XcdLSupi5LdwGa5aAiF5DDMNT/c=,qjWHhROFlvxK25RkxzDOMYlFli0=
-20,-5,XcdLSupi5LdwGa5aAiF5DDMNT/c=,qjWHhROFlvxK25RkxzDOMYlFli0=
-23,-6,XcdLSupi5LdwGa5aAiF5DDMNT/c=,qjWHhROFlvxK25RkxzDOMYlFli0=
-22,-2,XcdLSupi5LdwGa5aAiF5DDMNT/c=,qjWHhROFlvxK25RkxzDOMYlFli0=
-25,-5,XcdLSupi5LdwGa5aAiF5DDMNT/c=,t8UY9AVqj8afJJUZw5xVyKk7stk=
-25,-3,XcdLSupi5LdwGa5aAiF5DDMNT/c=,t8UY9AVqj8afJJUZw5xVyKk7stk=
-25,-8,XcdLSupi5LdwGa5aAiF5DDMNT/c=,t8UY9AVqj8afJJUZw5xVyKk7stk=
-19,-5,XcdLSupi5LdwGa5aAiF5DDMNT/c=,qjWHhROFlvxK25RkxzDOMYlFli0=
-18,-8,XcdLSupi5LdwGa5aAiF5DDMNT/c=,qjWHhROFlvxK25RkxzDOMYlFli0=
-23,-4,XcdLSupi5LdwGa5aAiF5DDMNT/c=,qjWHhROFlvxK25RkxzDOMYlFli0=
-23,-2,XcdLSupi5LdwGa5aAiF5DDMNT/c=,qjWHhROFlvxK25RkxzDOMYlFli0=
-21,-3,XcdLSupi5LdwGa5aAiF5DDMNT/c=,qjWHhROFlvxK25RkxzDOMYlFli0=
-24,-7,XcdLSupi5LdwGa5aAiF5DDMNT/c=,qjWHhROFlvxK25RkxzDOMYlFli0=
-22,-4,XcdLSupi5LdwGa5aAiF5DDMNT/c=,qjWHhROFlvxK25RkxzDOMYlFli0=
-25,-9,XcdLSupi5LdwGa5aAiF5DDMNT/c=,nPXtqJa6CIFLjNNBja/+CQiJ0Ko=
-18,-7,XcdLSupi5LdwGa5aAiF5DDMNT/c=,qjWHhROFlvxK25RkxzDOMYlFli0=
-23,-5,XcdLSupi5LdwGa5aAiF5DDMNT/c=,qjWHhROFlvxK25RkxzDOMYlFli0=
-20,-4,XcdLSupi5LdwGa5aAiF5DDMNT/c=,qjWHhROFlvxK25RkxzDOMYlFli0=
-25,-4,XcdLSupi5LdwGa5aAiF5DDMNT/c=,t8UY9AVqj8afJJUZw5xVyKk7stk=
-24,-5,XcdLSupi5LdwGa5aAiF5DDMNT/c=,qjWHhROFlvxK25RkxzDOMYlFli0=
-19,-8,XcdLSupi5LdwGa5aAiF5DDMNT/c=,qjWHhROFlvxK25RkxzDOMYlFli0=
-18,-6,XcdLSupi5LdwGa5aAiF5DDMNT/c=,qjWHhROFlvxK25RkxzDOMYlFli0=
-20,-6,XcdLSupi5LdwGa5aAiF5DDMNT/c=,qjWHhROFlvxK25RkxzDOMYlFli0=
-21,-6,XcdLSupi5LdwGa5aAiF5DDMNT/c=,qjWHhROFlvxK25RkxzDOMYlFli0=
-19,-7,XcdLSupi5LdwGa5aAiF5DDMNT/c=,qjWHhROFlvxK25RkxzDOMYlFli0=
-21,-4,XcdLSupi5LdwGa5aAiF5DDMNT/c=,qjWHhROFlvxK25RkxzDOMYlFli0=
-22,-8,XcdLSupi5LdwGa5aAiF5DDMNT/c=,qjWHhROFlvxK25RkxzDOMYlFli0=
-19,-6,XcdLSupi5LdwGa5aAiF5DDMNT/c=,qjWHhROFlvxK25RkxzDOMYlFli0=
-23,-8,XcdLSupi5LdwGa5aAiF5DDMNT/c=,qjWHhROFlvxK25RkxzDOMYlFli0=
-25,-7,XcdLSupi5LdwGa5aAiF5DDMNT/c=,t8UY9AVqj8afJJUZw5xVyKk7stk=
-19,-4,XcdLSupi5LdwGa5aAiF5DDMNT/c=,qjWHhROFlvxK25RkxzDOMYlFli0=
-20,-8,XcdLSupi5LdwGa5aAiF5DDMNT/c=,qjWHhROFlvxK25RkxzDOMYlFli0=
-18,-5,XcdLSupi5LdwGa5aAiF5DDMNT/c=,qjWHhROFlvxK25RkxzDOMYlFli0=
-22,-3,XcdLSupi5LdwGa5aAiF5DDMNT/c=,qjWHhROFlvxK25RkxzDOMYlFli0=
-31,-1,trvEbvxtW9RmBftLLzJ0V4ns000=,t8UY9AVqj8afJJUZw5xVyKk7stk=
-26,-1,trvEbvxtW9RmBftLLzJ0V4ns000=,t8UY9AVqj8afJJUZw5xVyKk7stk=
-27,-1,trvEbvxtW9RmBftLLzJ0V4ns000=,t8UY9AVqj8afJJUZw5xVyKk7stk=
-29,-1,trvEbvxtW9RmBftLLzJ0V4ns000=,t8UY9AVqj8afJJUZw5xVyKk7stk=
-30,-1,trvEbvxtW9RmBftLLzJ0V4ns000=,t8UY9AVqj8afJJUZw5xVyKk7stk=
-28,-1,trvEbvxtW9RmBftLLzJ0V4ns000=,t8UY9AVqj8afJJUZw5xVyKk7stk=
-20,-1,trvEbvxtW9RmBftLLzJ0V4ns000=,qjWHhROFlvxK25RkxzDOMYlFli0=
-17,-3,trvEbvxtW9RmBftLLzJ0V4ns000=,qjWHhROFlvxK25RkxzDOMYlFli0=
-25,-1,trvEbvxtW9RmBftLLzJ0V4ns000=,t8UY9AVqj8afJJUZw5xVyKk7stk=
-17,-5,trvEbvxtW9RmBftLLzJ0V4ns000=,qjWHhROFlvxK25RkxzDOMYlFli0=
-19,-1,trvEbvxtW9RmBftLLzJ0V4ns000=,qjWHhROFlvxK25RkxzDOMYlFli0=
-17,-6,trvEbvxtW9RmBftLLzJ0V4ns000=,qjWHhROFlvxK25RkxzDOMYlFli0=
-17,-4,trvEbvxtW9RmBftLLzJ0V4ns000=,qjWHhROFlvxK25RkxzDOMYlFli0=
-17,-7,trvEbvxtW9RmBftLLzJ0V4ns000=,qjWHhROFlvxK25RkxzDOMYlFli0=
-18,-1,trvEbvxtW9RmBftLLzJ0V4ns000=,qjWHhROFlvxK25RkxzDOMYlFli0=
-17,-2,trvEbvxtW9RmBftLLzJ0V4ns000=,qjWHhROFlvxK25RkxzDOMYlFli0=
-21,-1,trvEbvxtW9RmBftLLzJ0V4ns000=,qjWHhROFlvxK25RkxzDOMYlFli0=
-24,-1,trvEbvxtW9RmBftLLzJ0V4ns000=,qjWHhROFlvxK25RkxzDOMYlFli0=
-22,-1,trvEbvxtW9RmBftLLzJ0V4ns000=,qjWHhROFlvxK25RkxzDOMYlFli0=
-23,-1,trvEbvxtW9RmBftLLzJ0V4ns000=,qjWHhROFlvxK25RkxzDOMYlFli0=
-17,-11,3THJ47nPURzqxHZs3PijguuPENc=,v03mD48GegbVYWDs33iCazTxCwc=
-17,-10,3THJ47nPURzqxHZs3PijguuPENc=,v03mD48GegbVYWDs33iCazTxCwc=
-17,-9,3THJ47nPURzqxHZs3PijguuPENc=,v03mD48GegbVYWDs33iCazTxCwc=
-17,-13,3THJ47nPURzqxHZs3PijguuPENc=,v03mD48GegbVYWDs33iCazTxCwc=
-17,-14,3THJ47nPURzqxHZs3PijguuPENc=,v03mD48GegbVYWDs33iCazTxCwc=
-17,-15,3THJ47nPURzqxHZs3PijguuPENc=,v03mD48GegbVYWDs33iCazTxCwc=
-17,-12,3THJ47nPURzqxHZs3PijguuPENc=,v03mD48GegbVYWDs33iCazTxCwc=
-17,-8,3THJ47nPURzqxHZs3PijguuPENc=,qjWHhROFlvxK25RkxzDOMYlFli0=
-18,-16,3THJ47nPURzqxHZs3PijguuPENc=,v03mD48GegbVYWDs33iCazTxCwc=
-20,-16,3THJ47nPURzqxHZs3PijguuPENc=,v03mD48GegbVYWDs33iCazTxCwc=
-19,-16,3THJ47nPURzqxHZs3PijguuPENc=,v03mD48GegbVYWDs33iCazTxCwc=
-21,-16,3THJ47nPURzqxHZs3PijguuPENc=,v03mD48GegbVYWDs33iCazTxCwc=
-23,-16,3THJ47nPURzqxHZs3PijguuPENc=,v03mD48GegbVYWDs33iCazTxCwc=
-22,-16,3THJ47nPURzqxHZs3PijguuPENc=,v03mD48GegbVYWDs33iCazTxCwc=
-24,-16,rIJtBMRx6/N9sQjIaPPmfW5jhQA=,v03mD48GegbVYWDs33iCazTxCwc=
-30,-16,rIJtBMRx6/N9sQjIaPPmfW5jhQA=,nPXtqJa6CIFLjNNBja/+CQiJ0Ko=
-29,-16,rIJtBMRx6/N9sQjIaPPmfW5jhQA=,nPXtqJa6CIFLjNNBja/+CQiJ0Ko=
-28,-16,rIJtBMRx6/N9sQjIaPPmfW5jhQA=,nPXtqJa6CIFLjNNBja/+CQiJ0Ko=
-27,-16,rIJtBMRx6/N9sQjIaPPmfW5jhQA=,nPXtqJa6CIFLjNNBja/+CQiJ0Ko=
-26,-16,rIJtBMRx6/N9sQjIaPPmfW5jhQA=,nPXtqJa6CIFLjNNBja/+CQiJ0Ko=
-25,-16,rIJtBMRx6/N9sQjIaPPmfW5jhQA=,nPXtqJa6CIFLjNNBja/+CQiJ0Ko=
-32,-10,rIJtBMRx6/N9sQjIaPPmfW5jhQA=,nPXtqJa6CIFLjNNBja/+CQiJ0Ko=
-32,-15,rIJtBMRx6/N9sQjIaPPmfW5jhQA=,nPXtqJa6CIFLjNNBja/+CQiJ0Ko=
-32,-14,rIJtBMRx6/N9sQjIaPPmfW5jhQA=,nPXtqJa6CIFLjNNBja/+CQiJ0Ko=
-32,-13,rIJtBMRx6/N9sQjIaPPmfW5jhQA=,nPXtqJa6CIFLjNNBja/+CQiJ0Ko=
-32,-12,rIJtBMRx6/N9sQjIaPPmfW5jhQA=,nPXtqJa6CIFLjNNBja/+CQiJ0Ko=
-32,-11,rIJtBMRx6/N9sQjIaPPmfW5jhQA=,nPXtqJa6CIFLjNNBja/+CQiJ0Ko=
-31,-16,rIJtBMRx6/N9sQjIaPPmfW5jhQA=,nPXtqJa6CIFLjNNBja/+CQiJ0Ko=
-32,-4,rIJtBMRx6/N9sQjIaPPmfW5jhQA=,t8UY9AVqj8afJJUZw5xVyKk7stk=
-32,-3,rIJtBMRx6/N9sQjIaPPmfW5jhQA=,t8UY9AVqj8afJJUZw5xVyKk7stk=
-32,-8,rIJtBMRx6/N9sQjIaPPmfW5jhQA=,t8UY9AVqj8afJJUZw5xVyKk7stk=
-32,-5,rIJtBMRx6/N9sQjIaPPmfW5jhQA=,t8UY9AVqj8afJJUZw5xVyKk7stk=
-32,-7,rIJtBMRx6/N9sQjIaPPmfW5jhQA=,t8UY9AVqj8afJJUZw5xVyKk7stk=
-32,-2,rIJtBMRx6/N9sQjIaPPmfW5jhQA=,t8UY9AVqj8afJJUZw5xVyKk7stk=
-32,-9,rIJtBMRx6/N9sQjIaPPmfW5jhQA=,nPXtqJa6CIFLjNNBja/+CQiJ0Ko=
-32,-6,rIJtBMRx6/N9sQjIaPPmfW5jhQA=,t8UY9AVqj8afJJUZw5xVyKk7stk=
-32,-1,rIJtBMRx6/N9sQjIaPPmfW5jhQA=,t8UY9AVqj8afJJUZw5xVyKk7stk=
-32,-16,rIJtBMRx6/N9sQjIaPPmfW5jhQA=,nPXtqJa6CIFLjNNBja/+CQiJ0Ko=
-17,-16,rIJtBMRx6/N9sQjIaPPmfW5jhQA=,v03mD48GegbVYWDs33iCazTxCwc=
-17,-1,rIJtBMRx6/N9sQjIaPPmfW5jhQA=,qjWHhROFlvxK25RkxzDOMYlFli0=
