-11,-11,JlUpDvRFj6BO31hwogut7AyLnsU=,+WPJ7gyyPlXXG0qbQgnurtLqZ/I=
-10,-10,JlUpDvRFj6BO31hwogut7AyLnsU=,+WPJ7gyyPlXXG0qbQgnurtLqZ/I=
-10,-11,JlUpDvRFj6BO31hwogut7AyLnsU=,+WPJ7gyyPlXXG0qbQgnurtLqZ/I=
-11,-10,JlUpDvRFj6BO31hwogut7AyLnsU=,+WPJ7gyyPlXXG0qbQgnurtLqZ/I=
-11,-8,9Uv2Y/hZcfdvR8fGfpVHDyAw3/o=,gp3wswoHQkMv7EyqI3EtC6D5TLA=
-10,-9,9Uv2Y/hZcfdvR8fGfpVHDyAw3/o=,+WPJ7gyyPlXXG0qbQgnurtLqZ/I=
-11,-9,9Uv2Y/hZcfdvR8fGfpVHDyAw3/o=,+WPJ7gyyPlXXG0qbQgnurtLqZ/I=
-10,-7,9Uv2Y/hZcfdvR8fGfpVHDyAw3/o=,gp3wswoHQkMv7EyqI3EtC6D5TLA=
-11,-7,9Uv2Y/hZcfdvR8fGfpVHDyAw3/o=,gp3wswoHQkMv7EyqI3EtC6D5TLA=
-10,-8,9Uv2Y/hZcfdvR8fGfpVHDyAw3/o=,gp3wswoHQkMv7EyqI3EtC6D5TLA=
-11,-6,9Uv2Y/hZcfdvR8fGfpVHDyAw3/o=,gp3wswoHQkMv7EyqI3EtC6D5TLA=
-10,-6,9Uv2Y/hZcfdvR8fGfpVHDyAw3/o=,gp3wswoHQkMv7EyqI3EtC6D5TLA=
-11,-13,Axx7DNYuSVJDZAn+9agimCivXJk=,+WPJ7gyyPlXXG0qbQgnurtLqZ/I=
-11,-12,Axx7DNYuSVJDZAn+9agimCivXJk=,+WPJ7gyyPlXXG0qbQgnurtLqZ/I=
-10,-12,Axx7DNYuSVJDZAn+9agimCivXJk=,+WPJ7gyyPlXXG0qbQgnurtLqZ/I=
-10,-14,Axx7DNYuSVJDZAn+9agimCivXJk=,+WPJ7gyyPlXXG0qbQgnurtLqZ/I=
-11,-14,Axx7DNYuSVJDZAn+9agimCivXJk=,+WPJ7gyyPlXXG0qbQgnurtLqZ/I=
-10,-13,Axx7DNYuSVJDZAn+9agimCivXJk=,+WPJ7gyyPlXXG0qbQgnurtLqZ/I=
-10,-15,Axx7DNYuSVJDZAn+9agimCivXJk=,+WPJ7gyyPlXXG0qbQgnurtLqZ/I=
-9,-7,Axx7DNYuSVJDZAn+9agimCivXJk=,gp3wswoHQkMv7EyqI3EtC6D5TLA=
-9,-6,Axx7DNYuSVJDZAn+9agimCivXJk=,gp3wswoHQkMv7EyqI3EtC6D5TLA=
-7,-7,Axx7DNYuSVJDZAn+9agimCivXJk=,nXsmePNRl5zZLJLJ8oDGb+kDebc=
-8,-6,Axx7DNYuSVJDZAn+9agimCivXJk=,nXsmePNRl5zZLJLJ8oDGb+kDebc=
-6,-6,Axx7DNYuSVJDZAn+9agimCivXJk=,nXsmePNRl5zZLJLJ8oDGb+kDebc=
-7,-6,Axx7DNYuSVJDZAn+9agimCivXJk=,nXsmePNRl5zZLJLJ8oDGb+kDebc=
-6,-7,gCfMBOz0CqibjkJnBlH8kCUiKzA=,nXsmePNRl5zZLJLJ8oDGb+kDebc=
-8,-7,gCfMBOz0CqibjkJnBlH8kCUiKzA=,nXsmePNRl5zZLJLJ8oDGb+kDebc=
-6,-10,gCfMBOz0CqibjkJnBlH8kCUiKzA=,nXsmePNRl5zZLJLJ8oDGb+kDebc=
-8,-9,gCfMBOz0CqibjkJnBlH8kCUiKzA=,nXsmePNRl5zZLJLJ8oDGb+kDebc=
-7,-9,gCfMBOz0CqibjkJnBlH8kCUiKzA=,nXsmePNRl5zZLJLJ8oDGb+kDebc=
-6,-9,gCfMBOz0CqibjkJnBlH8kCUiKzA=,nXsmePNRl5zZLJLJ8oDGb+kDebc=
-8,-11,gCfMBOz0CqibjkJnBlH8kCUiKzA=,nXsmePNRl5zZLJLJ8oDGb+kDebc=
-11,-15,gCfMBOz0CqibjkJnBlH8kCUiKzA=,+WPJ7gyyPlXXG0qbQgnurtLqZ/I=
-7,-11,+hwfKbKS0lTTrHVwx52J73c2b/o=,nXsmePNRl5zZLJLJ8oDGb+kDebc=
-8,-10,+hwfKbKS0lTTrHVwx52J73c2b/o=,nXsmePNRl5zZLJLJ8oDGb+kDebc=
-7,-10,+hwfKbKS0lTTrHVwx52J73c2b/o=,nXsmePNRl5zZLJLJ8oDGb+kDebc=
-9,-8,+hwfKbKS0lTTrHVwx52J73c2b/o=,gp3wswoHQkMv7EyqI3EtC6D5TLA=
-9,-11,+hwfKbKS0lTTrHVwx52J73c2b/o=,+WPJ7gyyPlXXG0qbQgnurtLqZ/I=
-9,-10,+hwfKbKS0lTTrHVwx52J73c2b/o=,+WPJ7gyyPlXXG0qbQgnurtLqZ/I=
-9,-9,+hwfKbKS0lTTrHVwx52J73c2b/o=,+WPJ7gyyPlXXG0qbQgnurtLqZ/I=
-6,-8,+hwfKbKS0lTTrHVwx52J73c2b/o=,nXsmePNRl5zZLJLJ8oDGb+kDebc=
-8,-8,+hwfKbKS0lTTrHVwx52J73c2b/o=,nXsmePNRl5zZLJLJ8oDGb+kDebc=
-7,-8,+hwfKbKS0lTTrHVwx52J73c2b/o=,nXsmePNRl5zZLJLJ8oDGb+kDebc=
-9,-12,+hwfKbKS0lTTrHVwx52J73c2b/o=,+WPJ7gyyPlXXG0qbQgnurtLqZ/I=
-6,-14,+hwfKbKS0lTTrHVwx52J73c2b/o=,nXsmePNRl5zZLJLJ8oDGb+kDebc=
-8,-13,+hwfKbKS0lTTrHVwx52J73c2b/o=,nXsmePNRl5zZLJLJ8oDGb+kDebc=
-7,-14,+hwfKbKS0lTTrHVwx52J73c2b/o=,nXsmePNRl5zZLJLJ8oDGb+kDebc=
-8,-14,+hwfKbKS0lTTrHVwx52J73c2b/o=,nXsmePNRl5zZLJLJ8oDGb+kDebc=
-7,-15,+hwfKbKS0lTTrHVwx52J73c2b/o=,nXsmePNRl5zZLJLJ8oDGb+kDebc=
-6,-11,+hwfKbKS0lTTrHVwx52J73c2b/o=,nXsmePNRl5zZLJLJ8oDGb+kDebc=
-7,-13,+hwfKbKS0lTTrHVwx52J73c2b/o=,nXsmePNRl5zZLJLJ8oDGb+kDebc=
-6,-15,+hwfKbKS0lTTrHVwx52J73c2b/o=,nXsmePNRl5zZLJLJ8oDGb+kDebc=
-9,-14,+hwfKbKS0lTTrHVwx52J73c2b/o=,+WPJ7gyyPlXXG0qbQgnurtLqZ/I=
-6,-13,+hwfKbKS0lTTrHVwx52J73c2b/o=,nXsmePNRl5zZLJLJ8oDGb+kDebc=
-9,-13,+hwfKbKS0lTTrHVwx52J73c2b/o=,+WPJ7gyyPlXXG0qbQgnurtLqZ/I=
-8,-15,+hwfKbKS0lTTrHVwx52J73c2b/o=,nXsmePNRl5zZLJLJ8oDGb+kDebc=
-8,-12,+hwfKbKS0lTTrHVwx52J73c2b/o=,nXsmePNRl5zZLJLJ8oDGb+kDebc=
-9,-15,x8YQGhofc6fPQDDbyZv04A2P8mQ=,+WPJ7gyyPlXXG0qbQgnurtLqZ/I=
-6,-5,1yTfZgM1SV3PQKc6CXkNHrX7M6s=,nXsmePNRl5zZLJLJ8oDGb+kDebc=
-7,-12,1yTfZgM1SV3PQKc6CXkNHrX7M6s=,nXsmePNRl5zZLJLJ8oDGb+kDebc=
-6,-12,1yTfZgM1SV3PQKc6CXkNHrX7M6s=,nXsmePNRl5zZLJLJ8oDGb+kDebc=
-7,-3,1yTfZgM1SV3PQKc6CXkNHrX7M6s=,OCU8oeuBK9wykgQI9cUKJR4z+nA=
-6,-4,1yTfZgM1SV3PQKc6CXkNHrX7M6s=,OCU8oeuBK9wykgQI9cUKJR4z+nA=
-6,-3,1yTfZgM1SV3PQKc6CXkNHrX7M6s=,OCU8oeuBK9wykgQI9cUKJR4z+nA=
-6,-2,1yTfZgM1SV3PQKc6CXkNHrX7M6s=,OCU8oeuBK9wykgQI9cUKJR4z+nA=
-7,-5,1yTfZgM1SV3PQKc6CXkNHrX7M6s=,nXsmePNRl5zZLJLJ8oDGb+kDebc=
-7,-2,1yTfZgM1SV3PQKc6CXkNHrX7M6s=,OCU8oeuBK9wykgQI9cUKJR4z+nA=
-7,-4,1yTfZgM1SV3PQKc6CXkNHrX7M6s=,OCU8oeuBK9wykgQI9cUKJR4z+nA=
-9,-5,1yTfZgM1SV3PQKc6CXkNHrX7M6s=,gp3wswoHQkMv7EyqI3EtC6D5TLA=
-8,-3,1yTfZgM1SV3PQKc6CXkNHrX7M6s=,OCU8oeuBK9wykgQI9cUKJR4z+nA=
-8,-5,VQRc369XYE62cWRGJg36reKyTEE=,nXsmePNRl5zZLJLJ8oDGb+kDebc=
-8,-2,VQRc369XYE62cWRGJg36reKyTEE=,OCU8oeuBK9wykgQI9cUKJR4z+nA=
-11,-5,VQRc369XYE62cWRGJg36reKyTEE=,gp3wswoHQkMv7EyqI3EtC6D5TLA=
-10,-5,VQRc369XYE62cWRGJg36reKyTEE=,gp3wswoHQkMv7EyqI3EtC6D5TLA=
-9,-2,VQRc369XYE62cWRGJg36reKyTEE=,ZD9bTS9I54K7RIlkSbQR8t0zy3o=
-8,-4,VQRc369XYE62cWRGJg36reKyTEE=,OCU8oeuBK9wykgQI9cUKJR4z+nA=
-10,-2,VQRc369XYE62cWRGJg36reKyTEE=,ZD9bTS9I54K7RIlkSbQR8t0zy3o=
-11,-4,VQRc369XYE62cWRGJg36reKyTEE=,ZD9bTS9I54K7RIlkSbQR8t0zy3o=
-11,-2,VQRc369XYE62cWRGJg36reKyTEE=,ZD9bTS9I54K7RIlkSbQR8t0zy3o=
-9,-3,VQRc369XYE62cWRGJg36reKyTEE=,ZD9bTS9I54K7RIlkSbQR8t0zy3o=
-11,-3,VQRc369XYE62cWRGJg36reKyTEE=,ZD9bTS9I54K7RIlkSbQR8t0zy3o=
-10,-3,VQRc369XYE62cWRGJg36reKyTEE=,ZD9bTS9I54K7RIlkSbQR8t0zy3o=
-9,-4,VQRc369XYE62cWRGJg36reKyTEE=,ZD9bTS9I54K7RIlkSbQR8t0zy3o=
-10,-4,VQRc369XYE62cWRGJg36reKyTEE=,ZD9bTS9I54K7RIlkSbQR8t0zy3o=
-12,-3,t4g3rewKcjagFCIDlak6t5Fgugo=,ZD9bTS9I54K7RIlkSbQR8t0zy3o=
-12,-2,t4g3rewKcjagFCIDlak6t5Fgugo=,ZD9bTS9I54K7RIlkSbQR8t0zy3o=
-14,-2,t4g3rewKcjagFCIDlak6t5Fgugo=,tM6Sp4Oukm+PhafvPz7nautLA5g=
-15,-3,t4g3rewKcjagFCIDlak6t5Fgugo=,tM6Sp4Oukm+PhafvPz7nautLA5g=
-13,-2,t4g3rewKcjagFCIDlak6t5Fgugo=,tM6Sp4Oukm+PhafvPz7nautLA5g=
-14,-3,t4g3rewKcjagFCIDlak6t5Fgugo=,tM6Sp4Oukm+PhafvPz7nautLA5g=
-13,-3,t4g3rewKcjagFCIDlak6t5Fgugo=,tM6Sp4Oukm+PhafvPz7nautLA5g=
-15,-2,t4g3rewKcjagFCIDlak6t5Fgugo=,tM6Sp4Oukm+PhafvPz7nautLA5g=
-12,-11,t4g3rewKcjagFCIDlak6t5Fgugo=,+WPJ7gyyPlXXG0qbQgnurtLqZ/I=
-12,-10,t4g3rewKcjagFCIDlak6t5Fgugo=,+WPJ7gyyPlXXG0qbQgnurtLqZ/I=
-15,-11,c/YamVD1QEF0kW7awn5kASsws3g=,ok5CvrboTes/8MDiuJgWW+zOg04=
-14,-11,c/YamVD1QEF0kW7awn5kASsws3g=,ok5CvrboTes/8MDiuJgWW+zOg04=
-15,-10,c/YamVD1QEF0kW7awn5kASsws3g=,ok5CvrboTes/8MDiuJgWW+zOg04=
-13,-11,c/YamVD1QEF0kW7awn5kASsws3g=,ok5CvrboTes/8MDiuJgWW+zOg04=
-14,-10,c/YamVD1QEF0kW7awn5kASsws3g=,ok5CvrboTes/8MDiuJgWW+zOg04=
-13,-10,c/YamVD1QEF0kW7awn5kASsws3g=,ok5CvrboTes/8MDiuJgWW+zOg04=
-14,-8,c/YamVD1QEF0kW7awn5kASsws3g=,cUQ0Unxfj6M+6yfajtNKlRXJROU=
-13,-8,c/YamVD1QEF0kW7awn5kASsws3g=,cUQ0Unxfj6M+6yfajtNKlRXJROU=
-15,-8,c/YamVD1QEF0kW7awn5kASsws3g=,cUQ0Unxfj6M+6yfajtNKlRXJROU=
-13,-5,c/YamVD1QEF0kW7awn5kASsws3g=,cUQ0Unxfj6M+6yfajtNKlRXJROU=
-12,-9,c/YamVD1QEF0kW7awn5kASsws3g=,+WPJ7gyyPlXXG0qbQgnurtLqZ/I=
-14,-5,c/YamVD1QEF0kW7awn5kASsws3g=,cUQ0Unxfj6M+6yfajtNKlRXJROU=
-12,-6,c/YamVD1QEF0kW7awn5kASsws3g=,gp3wswoHQkMv7EyqI3EtC6D5TLA=
-13,-9,c/YamVD1QEF0kW7awn5kASsws3g=,ok5CvrboTes/8MDiuJgWW+zOg04=
-14,-9,c/YamVD1QEF0kW7awn5kASsws3g=,ok5CvrboTes/8MDiuJgWW+zOg04=
-12,-5,c/YamVD1QEF0kW7awn5kASsws3g=,gp3wswoHQkMv7EyqI3EtC6D5TLA=
-12,-7,c/YamVD1QEF0kW7awn5kASsws3g=,gp3wswoHQkMv7EyqI3EtC6D5TLA=
-12,-8,c/YamVD1QEF0kW7awn5kASsws3g=,gp3wswoHQkMv7EyqI3EtC6D5TLA=
-15,-5,c/YamVD1QEF0kW7awn5kASsws3g=,cUQ0Unxfj6M+6yfajtNKlRXJROU=
-13,-6,c/YamVD1QEF0kW7awn5kASsws3g=,cUQ0Unxfj6M+6yfajtNKlRXJROU=
-14,-6,c/YamVD1QEF0kW7awn5kASsws3g=,cUQ0Unxfj6M+6yfajtNKlRXJROU=
-15,-6,c/YamVD1QEF0kW7awn5kASsws3g=,cUQ0Unxfj6M+6yfajtNKlRXJROU=
-15,-9,c/YamVD1QEF0kW7awn5kASsws3g=,ok5CvrboTes/8MDiuJgWW+zOg04=
-13,-7,c/YamVD1QEF0kW7awn5kASsws3g=,cUQ0Unxfj6M+6yfajtNKlRXJROU=
-14,-7,c/YamVD1QEF0kW7awn5kASsws3g=,cUQ0Unxfj6M+6yfajtNKlRXJROU=
-15,-7,c/YamVD1QEF0kW7awn5kASsws3g=,cUQ0Unxfj6M+6yfajtNKlRXJROU=
-12,-4,c/YamVD1QEF0kW7awn5kASsws3g=,ZD9bTS9I54K7RIlkSbQR8t0zy3o=
-15,-4,c/YamVD1QEF0kW7awn5kASsws3g=,tM6Sp4Oukm+PhafvPz7nautLA5g=
-13,-4,c/YamVD1QEF0kW7awn5kASsws3g=,tM6Sp4Oukm+PhafvPz7nautLA5g=
-14,-4,c/YamVD1QEF0kW7awn5kASsws3g=,tM6Sp4Oukm+PhafvPz7nautLA5g=
-15,-13,c/YamVD1QEF0kW7awn5kASsws3g=,PXieceeb/kT/SOkDD86PfRUQ5oM=
-12,-13,c/YamVD1QEF0kW7awn5kASsws3g=,+WPJ7gyyPlXXG0qbQgnurtLqZ/I=
-14,-13,c/YamVD1QEF0kW7awn5kASsws3g=,PXieceeb/kT/SOkDD86PfRUQ5oM=
-12,-12,c/YamVD1QEF0kW7awn5kASsws3g=,+WPJ7gyyPlXXG0qbQgnurtLqZ/I=
-13,-14,c/YamVD1QEF0kW7awn5kASsws3g=,PXieceeb/kT/SOkDD86PfRUQ5oM=
-15,-14,c/YamVD1QEF0kW7awn5kASsws3g=,PXieceeb/kT/SOkDD86PfRUQ5oM=
-14,-14,c/YamVD1QEF0kW7awn5kASsws3g=,PXieceeb/kT/SOkDD86PfRUQ5oM=
-13,-12,c/YamVD1QEF0kW7awn5kASsws3g=,ok5CvrboTes/8MDiuJgWW+zOg04=
-14,-15,c/YamVD1QEF0kW7awn5kASsws3g=,PXieceeb/kT/SOkDD86PfRUQ5oM=
-14,-12,c/YamVD1QEF0kW7awn5kASsws3g=,ok5CvrboTes/8MDiuJgWW+zOg04=
-15,-15,c/YamVD1QEF0kW7awn5kASsws3g=,PXieceeb/kT/SOkDD86PfRUQ5oM=
-13,-15,c/YamVD1QEF0kW7awn5kASsws3g=,PXieceeb/kT/SOkDD86PfRUQ5oM=
-15,-12,c/YamVD1QEF0kW7awn5kASsws3g=,ok5CvrboTes/8MDiuJgWW+zOg04=
-13,-13,c/YamVD1QEF0kW7awn5kASsws3g=,PXieceeb/kT/SOkDD86PfRUQ5oM=
-12,-15,c/YamVD1QEF0kW7awn5kASsws3g=,+WPJ7gyyPlXXG0qbQgnurtLqZ/I=
-12,-14,c/YamVD1QEF0kW7awn5kASsws3g=,+WPJ7gyyPlXXG0qbQgnurtLqZ/I=
-15,-16,c/YamVD1QEF0kW7awn5kASsws3g=,PXieceeb/kT/SOkDD86PfRUQ5oM=
-14,-16,Gx2I0FBigIhfycqQT3IGIgbaDR4=,PXieceeb/kT/SOkDD86PfRUQ5oM=
-12,-16,Gx2I0FBigIhfycqQT3IGIgbaDR4=,+WPJ7gyyPlXXG0qbQgnurtLqZ/I=
-10,-16,Gx2I0FBigIhfycqQT3IGIgbaDR4=,+WPJ7gyyPlXXG0qbQgnurtLqZ/I=
-13,-16,Gx2I0FBigIhfycqQT3IGIgbaDR4=,PXieceeb/kT/SOkDD86PfRUQ5oM=
-11,-16,Gx2I0FBigIhfycqQT3IGIgbaDR4=,+WPJ7gyyPlXXG0qbQgnurtLqZ/I=
-8,-16,Gx2I0FBigIhfycqQT3IGIgbaDR4=,nXsmePNRl5zZLJLJ8oDGb+kDebc=
-9,-16,Gx2I0FBigIhfycqQT3IGIgbaDR4=,+WPJ7gyyPlXXG0qbQgnurtLqZ/I=
-7,-16,1laDaHiASx+DOE0shr4QHryi4ZY=,nXsmePNRl5zZLJLJ8oDGb+kDebc=
-6,-16,1laDaHiASx+DOE0shr4QHryi4ZY=,nXsmePNRl5zZLJLJ8oDGb+kDebc=
-5,-14,1laDaHiASx+DOE0shr4QHryi4ZY=,nXsmePNRl5zZLJLJ8oDGb+kDebc=
-2,-14,1laDaHiASx+DOE0shr4QHryi4ZY=,nXsmePNRl5zZLJLJ8oDGb+kDebc=
-4,-15,1laDaHiASx+DOE0shr4QHryi4ZY=,nXsmePNRl5zZLJLJ8oDGb+kDebc=
-3,-14,1laDaHiASx+DOE0shr4QHryi4ZY=,nXsmePNRl5zZLJLJ8oDGb+kDebc=
-4,-14,1laDaHiASx+DOE0shr4QHryi4ZY=,nXsmePNRl5zZLJLJ8oDGb+kDebc=
-5,-15,1laDaHiASx+DOE0shr4QHryi4ZY=,nXsmePNRl5zZLJLJ8oDGb+kDebc=
-2,-15,1laDaHiASx+DOE0shr4QHryi4ZY=,nXsmePNRl5zZLJLJ8oDGb+kDebc=
-3,-15,1laDaHiASx+DOE0shr4QHryi4ZY=,nXsmePNRl5zZLJLJ8oDGb+kDebc=
-1,-15,1laDaHiASx+DOE0shr4QHryi4ZY=,nXsmePNRl5zZLJLJ8oDGb+kDebc=
-1,-14,1laDaHiASx+DOE0shr4QHryi4ZY=,nXsmePNRl5zZLJLJ8oDGb+kDebc=
-7,-1,f6HdOBKSjozMOsfdLShItdplAZs=,OCU8oeuBK9wykgQI9cUKJR4z+nA=
-6,-1,f6HdOBKSjozMOsfdLShItdplAZs=,OCU8oeuBK9wykgQI9cUKJR4z+nA=
-5,-13,f6HdOBKSjozMOsfdLShItdplAZs=,nXsmePNRl5zZLJLJ8oDGb+kDebc=
-5,-10,f6HdOBKSjozMOsfdLShItdplAZs=,nXsmePNRl5zZLJLJ8oDGb+kDebc=
-1,-13,f6HdOBKSjozMOsfdLShItdplAZs=,nXsmePNRl5zZLJLJ8oDGb+kDebc=
-5,-12,iOcA+m5HXV3HR68oYgdIuOKNLaE=,nXsmePNRl5zZLJLJ8oDGb+kDebc=
-5,-7,iOcA+m5HXV3HR68oYgdIuOKNLaE=,nXsmePNRl5zZLJLJ8oDGb+kDebc=
-2,-13,iOcA+m5HXV3HR68oYgdIuOKNLaE=,nXsmePNRl5zZLJLJ8oDGb+kDebc=
-2,-12,iOcA+m5HXV3HR68oYgdIuOKNLaE=,XPl95pb5D4K3nbwqS1IsIJ50OL8=
-1,-12,iOcA+m5HXV3HR68oYgdIuOKNLaE=,XPl95pb5D4K3nbwqS1IsIJ50OL8=
-5,-11,iOcA+m5HXV3HR68oYgdIuOKNLaE=,nXsmePNRl5zZLJLJ8oDGb+kDebc=
-4,-11,iOcA+m5HXV3HR68oYgdIuOKNLaE=,XPl95pb5D4K3nbwqS1IsIJ50OL8=
-2,-10,iOcA+m5HXV3HR68oYgdIuOKNLaE=,XPl95pb5D4K3nbwqS1IsIJ50OL8=
-3,-11,iOcA+m5HXV3HR68oYgdIuOKNLaE=,XPl95pb5D4K3nbwqS1IsIJ50OL8=
-3,-10,iOcA+m5HXV3HR68oYgdIuOKNLaE=,XPl95pb5D4K3nbwqS1IsIJ50OL8=
-2,-11,iOcA+m5HXV3HR68oYgdIuOKNLaE=,XPl95pb5D4K3nbwqS1IsIJ50OL8=
-1,-11,iOcA+m5HXV3HR68oYgdIuOKNLaE=,XPl95pb5D4K3nbwqS1IsIJ50OL8=
-4,-10,iOcA+m5HXV3HR68oYgdIuOKNLaE=,XPl95pb5D4K3nbwqS1IsIJ50OL8=
-1,-10,iOcA+m5HXV3HR68oYgdIuOKNLaE=,XPl95pb5D4K3nbwqS1IsIJ50OL8=
-4,-12,iOcA+m5HXV3HR68oYgdIuOKNLaE=,XPl95pb5D4K3nbwqS1IsIJ50OL8=
-3,-12,iOcA+m5HXV3HR68oYgdIuOKNLaE=,XPl95pb5D4K3nbwqS1IsIJ50OL8=
-4,-13,iOcA+m5HXV3HR68oYgdIuOKNLaE=,nXsmePNRl5zZLJLJ8oDGb+kDebc=
-5,-6,iOcA+m5HXV3HR68oYgdIuOKNLaE=,nXsmePNRl5zZLJLJ8oDGb+kDebc=
-3,-13,iOcA+m5HXV3HR68oYgdIuOKNLaE=,nXsmePNRl5zZLJLJ8oDGb+kDebc=
-5,-9,iOcA+m5HXV3HR68oYgdIuOKNLaE=,nXsmePNRl5zZLJLJ8oDGb+kDebc=
-1,-9,iOcA+m5HXV3HR68oYgdIuOKNLaE=,XPl95pb5D4K3nbwqS1IsIJ50OL8=
-4,-7,iOcA+m5HXV3HR68oYgdIuOKNLaE=,Y9fQG59sQjVQpXJAr9YPyq2z4ZM=
-4,-8,iOcA+m5HXV3HR68oYgdIuOKNLaE=,Y9fQG59sQjVQpXJAr9YPyq2z4ZM=
-3,-7,iOcA+m5HXV3HR68oYgdIuOKNLaE=,Y9fQG59sQjVQpXJAr9YPyq2z4ZM=
-2,-7,iOcA+m5HXV3HR68oYgdIuOKNLaE=,Y9fQG59sQjVQpXJAr9YPyq2z4ZM=
-1,-7,iOcA+m5HXV3HR68oYgdIuOKNLaE=,Y9fQG59sQjVQpXJAr9YPyq2z4ZM=
-2,-8,iOcA+m5HXV3HR68oYgdIuOKNLaE=,Y9fQG59sQjVQpXJAr9YPyq2z4ZM=
-4,-6,iOcA+m5HXV3HR68oYgdIuOKNLaE=,Y9fQG59sQjVQpXJAr9YPyq2z4ZM=
-4,-9,iOcA+m5HXV3HR68oYgdIuOKNLaE=,XPl95pb5D4K3nbwqS1IsIJ50OL8=
-3,-6,iOcA+m5HXV3HR68oYgdIuOKNLaE=,Y9fQG59sQjVQpXJAr9YPyq2z4ZM=
-3,-9,iOcA+m5HXV3HR68oYgdIuOKNLaE=,XPl95pb5D4K3nbwqS1IsIJ50OL8=
-3,-8,iOcA+m5HXV3HR68oYgdIuOKNLaE=,Y9fQG59sQjVQpXJAr9YPyq2z4ZM=
-2,-6,iOcA+m5HXV3HR68oYgdIuOKNLaE=,Y9fQG59sQjVQpXJAr9YPyq2z4ZM=
-1,-6,iOcA+m5HXV3HR68oYgdIuOKNLaE=,Y9fQG59sQjVQpXJAr9YPyq2z4ZM=
-2,-9,iOcA+m5HXV3HR68oYgdIuOKNLaE=,XPl95pb5D4K3nbwqS1IsIJ50OL8=
-1,-8,iOcA+m5HXV3HR68oYgdIuOKNLaE=,Y9fQG59sQjVQpXJAr9YPyq2z4ZM=
-5,-5,iOcA+m5HXV3HR68oYgdIuOKNLaE=,nXsmePNRl5zZLJLJ8oDGb+kDebc=
-5,-8,iOcA+m5HXV3HR68oYgdIuOKNLaE=,nXsmePNRl5zZLJLJ8oDGb+kDebc=
-2,-1,iOcA+m5HXV3HR68oYgdIuOKNLaE=,vjV9SOdDhJrg+2vKM/YitAJjWPc=
-1,-5,iOcA+m5HXV3HR68oYgdIuOKNLaE=,Y9fQG59sQjVQpXJAr9YPyq2z4ZM=
-1,-4,iOcA+m5HXV3HR68oYgdIuOKNLaE=,vjV9SOdDhJrg+2vKM/YitAJjWPc=
-5,-3,iOcA+m5HXV3HR68oYgdIuOKNLaE=,OCU8oeuBK9wykgQI9cUKJR4z+nA=
-2,-4,iOcA+m5HXV3HR68oYgdIuOKNLaE=,vjV9SOdDhJrg+2vKM/YitAJjWPc=
-1,-2,iOcA+m5HXV3HR68oYgdIuOKNLaE=,vjV9SOdDhJrg+2vKM/YitAJjWPc=
-2,-2,iOcA+m5HXV3HR68oYgdIuOKNLaE=,vjV9SOdDhJrg+2vKM/YitAJjWPc=
-5,-4,iOcA+m5HXV3HR68oYgdIuOKNLaE=,OCU8oeuBK9wykgQI9cUKJR4z+nA=
-3,-2,iOcA+m5HXV3HR68oYgdIuOKNLaE=,vjV9SOdDhJrg+2vKM/YitAJjWPc=
-1,-3,iOcA+m5HXV3HR68oYgdIuOKNLaE=,vjV9SOdDhJrg+2vKM/YitAJjWPc=
-4,-4,iOcA+m5HXV3HR68oYgdIuOKNLaE=,vjV9SOdDhJrg+2vKM/YitAJjWPc=
-4,-2,iOcA+m5HXV3HR68oYgdIuOKNLaE=,vjV9SOdDhJrg+2vKM/YitAJjWPc=
-2,-3,iOcA+m5HXV3HR68oYgdIuOKNLaE=,vjV9SOdDhJrg+2vKM/YitAJjWPc=
-5,-2,iOcA+m5HXV3HR68oYgdIuOKNLaE=,OCU8oeuBK9wykgQI9cUKJR4z+nA=
-2,-5,iOcA+m5HXV3HR68oYgdIuOKNLaE=,Y9fQG59sQjVQpXJAr9YPyq2z4ZM=
-5,-1,iOcA+m5HXV3HR68oYgdIuOKNLaE=,OCU8oeuBK9wykgQI9cUKJR4z+nA=
-3,-5,iOcA+m5HXV3HR68oYgdIuOKNLaE=,Y9fQG59sQjVQpXJAr9YPyq2z4ZM=
-3,-3,iOcA+m5HXV3HR68oYgdIuOKNLaE=,vjV9SOdDhJrg+2vKM/YitAJjWPc=
-3,-4,iOcA+m5HXV3HR68oYgdIuOKNLaE=,vjV9SOdDhJrg+2vKM/YitAJjWPc=
-4,-5,iOcA+m5HXV3HR68oYgdIuOKNLaE=,Y9fQG59sQjVQpXJAr9YPyq2z4ZM=
-4,-3,iOcA+m5HXV3HR68oYgdIuOKNLaE=,vjV9SOdDhJrg+2vKM/YitAJjWPc=
-4,-1,iOcA+m5HXV3HR68oYgdIuOKNLaE=,vjV9SOdDhJrg+2vKM/YitAJjWPc=
-3,-1,iOcA+m5HXV3HR68oYgdIuOKNLaE=,vjV9SOdDhJrg+2vKM/YitAJjWPc=
-9,-1,s+jsSz5a9Zq2TqJoODsInrHYXWU=,ZD9bTS9I54K7RIlkSbQR8t0zy3o=
-8,-1,s+jsSz5a9Zq2TqJoODsInrHYXWU=,OCU8oeuBK9wykgQI9cUKJR4z+nA=
-11,-1,s+jsSz5a9Zq2TqJoODsInrHYXWU=,ZD9bTS9I54K7RIlkSbQR8t0zy3o=
-10,-1,s+jsSz5a9Zq2TqJoODsInrHYXWU=,ZD9bTS9I54K7RIlkSbQR8t0zy3o=
-13,-1,s+jsSz5a9Zq2TqJoODsInrHYXWU=,tM6Sp4Oukm+PhafvPz7nautLA5g=
-12,-1,s+jsSz5a9Zq2TqJoODsInrHYXWU=,ZD9bTS9I54K7RIlkSbQR8t0zy3o=
-14,-1,s+jsSz5a9Zq2TqJoODsInrHYXWU=,tM6Sp4Oukm+PhafvPz7nautLA5g=
-15,-1,s+jsSz5a9Zq2TqJoODsInrHYXWU=,tM6Sp4Oukm+PhafvPz7nautLA5g=
-16,-7,s+jsSz5a9Zq2TqJoODsInrHYXWU=,cUQ0Unxfj6M+6yfajtNKlRXJROU=
-16,-6,s+jsSz5a9Zq2TqJoODsInrHYXWU=,cUQ0Unxfj6M+6yfajtNKlRXJROU=
-16,-4,s+jsSz5a9Zq2TqJoODsInrHYXWU=,tM6Sp4Oukm+PhafvPz7nautLA5g=
-16,-2,s+jsSz5a9Zq2TqJoODsInrHYXWU=,tM6Sp4Oukm+PhafvPz7nautLA5g=
-16,-5,s+jsSz5a9Zq2TqJoODsInrHYXWU=,cUQ0Unxfj6M+6yfajtNKlRXJROU=
-16,-3,s+jsSz5a9Zq2TqJoODsInrHYXWU=,tM6Sp4Oukm+PhafvPz7nautLA5g=
-16,-10,s+jsSz5a9Zq2TqJoODsInrHYXWU=,ok5CvrboTes/8MDiuJgWW+zOg04=
-16,-9,s+jsSz5a9Zq2TqJoODsInrHYXWU=,ok5CvrboTes/8MDiuJgWW+zOg04=
-16,-8,s+jsSz5a9Zq2TqJoODsInrHYXWU=,cUQ0Unxfj6M+6yfajtNKlRXJROU=
-16,-11,s+jsSz5a9Zq2TqJoODsInrHYXWU=,ok5CvrboTes/8MDiuJgWW+zOg04=
-16,-14,0W2QVBpRjHMBPgZnA8zw/pK1Bzs=,PXieceeb/kT/SOkDD86PfRUQ5oM=
-16,-13,0W2QVBpRjHMBPgZnA8zw/pK1Bzs=,PXieceeb/kT/SOkDD86PfRUQ5oM=
-16,-16,0W2QVBpRjHMBPgZnA8zw/pK1Bzs=,PXieceeb/kT/SOkDD86PfRUQ5oM=
-16,-12,0W2QVBpRjHMBPgZnA8zw/pK1Bzs=,ok5CvrboTes/8MDiuJgWW+zOg04=
-16,-15,0W2QVBpRjHMBPgZnA8zw/pK1Bzs=,PXieceeb/kT/SOkDD86PfRUQ5oM=
-2,-16,0W2QVBpRjHMBPgZnA8zw/pK1Bzs=,nXsmePNRl5zZLJLJ8oDGb+kDebc=
-1,-1,0W2QVBpRjHMBPgZnA8zw/pK1Bzs=,vjV9SOdDhJrg+2vKM/YitAJjWPc=
-5,-16,0W2QVBpRjHMBPgZnA8zw/pK1Bzs=,nXsmePNRl5zZLJLJ8oDGb+kDebc=
-4,-16,0W2QVBpRjHMBPgZnA8zw/pK1Bzs=,nXsmePNRl5zZLJLJ8oDGb+kDebc=
-3,-16,0W2QVBpRjHMBPgZnA8zw/pK1Bzs=,nXsmePNRl5zZLJLJ8oDGb+kDebc=
-1,-16,0W2QVBpRjHMBPgZnA8zw/pK1Bzs=,nXsmePNRl5zZLJLJ8oDGb+kDebc=
-16,-1,0W2QVBpRjHMBPgZnA8zw/pK1Bzs=,tM6Sp4Oukm+PhafvPz7nautLA5g=
-11,-23,0W2QVBpRjHMBPgZnA8zw/pK1Bzs=,QQ2T+orqTZTm1b1HYkn/5bPEtuQ=
-10,-22,0W2QVBpRjHMBPgZnA8zw/pK1Bzs=,QQ2T+orqTZTm1b1HYkn/5bPEtuQ=
-11,-22,0W2QVBpRjHMBPgZnA8zw/pK1Bzs=,QQ2T+orqTZTm1b1HYkn/5bPEtuQ=
-10,-23,0W2QVBpRjHMBPgZnA8zw/pK1Bzs=,QQ2T+orqTZTm1b1HYkn/5bPEtuQ=
-14,-26,0W2QVBpRjHMBPgZnA8zw/pK1Bzs=,8NQqt7mwtBrFvcYLoAavQ2j6YX0=
-15,-27,0W2QVBpRjHMBPgZnA8zw/pK1Bzs=,8NQqt7mwtBrFvcYLoAavQ2j6YX0=
-14,-27,0W2QVBpRjHMBPgZnA8zw/pK1Bzs=,8NQqt7mwtBrFvcYLoAavQ2j6YX0=
-15,-26,0W2QVBpRjHMBPgZnA8zw/pK1Bzs=,8NQqt7mwtBrFvcYLoAavQ2j6YX0=
-12,-23,wDlji3ZM+Y8ttciYYq9HFHPuBnM=,QQ2T+orqTZTm1b1HYkn/5bPEtuQ=
-14,-25,wDlji3ZM+Y8ttciYYq9HFHPuBnM=,8NQqt7mwtBrFvcYLoAavQ2j6YX0=
-14,-24,wDlji3ZM+Y8ttciYYq9HFHPuBnM=,DgIYYWZZh4lJEpBdK5JZQdcnYiY=
-12,-22,wDlji3ZM+Y8ttciYYq9HFHPuBnM=,QQ2T+orqTZTm1b1HYkn/5bPEtuQ=
-15,-25,G+sEYcrfPcOQp8XW1BtrKPjDL1o=,8NQqt7mwtBrFvcYLoAavQ2j6YX0=
-13,-22,G+sEYcrfPcOQp8XW1BtrKPjDL1o=,DgIYYWZZh4lJEpBdK5JZQdcnYiY=
-15,-24,G+sEYcrfPcOQp8XW1BtrKPjDL1o=,DgIYYWZZh4lJEpBdK5JZQdcnYiY=
-14,-22,G+sEYcrfPcOQp8XW1BtrKPjDL1o=,DgIYYWZZh4lJEpBdK5JZQdcnYiY=
-13,-23,G+sEYcrfPcOQp8XW1BtrKPjDL1o=,DgIYYWZZh4lJEpBdK5JZQdcnYiY=
-14,-23,G+sEYcrfPcOQp8XW1BtrKPjDL1o=,DgIYYWZZh4lJEpBdK5JZQdcnYiY=
-15,-22,G+sEYcrfPcOQp8XW1BtrKPjDL1o=,DgIYYWZZh4lJEpBdK5JZQdcnYiY=
-15,-23,G+sEYcrfPcOQp8XW1BtrKPjDL1o=,DgIYYWZZh4lJEpBdK5JZQdcnYiY=
-10,-20,G+sEYcrfPcOQp8XW1BtrKPjDL1o=,zsBkOAFoI6PI3ruXDxhXN40c3+4=
-10,-21,jOHdbkxpj0hJ+J/TM/n3jPOcvbg=,QQ2T+orqTZTm1b1HYkn/5bPEtuQ=
-11,-20,jOHdbkxpj0hJ+J/TM/n3jPOcvbg=,zsBkOAFoI6PI3ruXDxhXN40c3+4=
-11,-19,jOHdbkxpj0hJ+J/TM/n3jPOcvbg=,zsBkOAFoI6PI3ruXDxhXN40c3+4=
-11,-21,jOHdbkxpj0hJ+J/TM/n3jPOcvbg=,QQ2T+orqTZTm1b1HYkn/5bPEtuQ=
-10,-19,jOHdbkxpj0hJ+J/TM/n3jPOcvbg=,zsBkOAFoI6PI3ruXDxhXN40c3+4=
-10,-18,jOHdbkxpj0hJ+J/TM/n3jPOcvbg=,zsBkOAFoI6PI3ruXDxhXN40c3+4=
-11,-18,jOHdbkxpj0hJ+J/TM/n3jPOcvbg=,zsBkOAFoI6PI3ruXDxhXN40c3+4=
-7,-19,jOHdbkxpj0hJ+J/TM/n3jPOcvbg=,wQ96f+H9slyHfPEYCNF7OIUczt8=
-8,-19,jOHdbkxpj0hJ+J/TM/n3jPOcvbg=,wQ96f+H9slyHfPEYCNF7OIUczt8=
-6,-18,jOHdbkxpj0hJ+J/TM/n3jPOcvbg=,wQ96f+H9slyHfPEYCNF7OIUczt8=
-9,-19,jOHdbkxpj0hJ+J/TM/n3jPOcvbg=,zsBkOAFoI6PI3ruXDxhXN40c3+4=
-6,-19,jOHdbkxpj0hJ+J/TM/n3jPOcvbg=,wQ96f+H9slyHfPEYCNF7OIUczt8=
-7,-18,jOHdbkxpj0hJ+J/TM/n3jPOcvbg=,wQ96f+H9slyHfPEYCNF7OIUczt8=
-8,-18,jOHdbkxpj0hJ+J/TM/n3jPOcvbg=,wQ96f+H9slyHfPEYCNF7OIUczt8=
-9,-18,jOHdbkxpj0hJ+J/TM/n3jPOcvbg=,zsBkOAFoI6PI3ruXDxhXN40c3+4=
-12,-19,l1yrycXINE830GOGA5N0b64HTkw=,zsBkOAFoI6PI3ruXDxhXN40c3+4=
-13,-20,l1yrycXINE830GOGA5N0b64HTkw=,S1/fQX6lXsD+VE5ImuGc/ND6ZLw=
-15,-19,l1yrycXINE830GOGA5N0b64HTkw=,S1/fQX6lXsD+VE5ImuGc/ND6ZLw=
-12,-18,l1yrycXINE830GOGA5N0b64HTkw=,zsBkOAFoI6PI3ruXDxhXN40c3+4=
-13,-18,l1yrycXINE830GOGA5N0b64HTkw=,S1/fQX6lXsD+VE5ImuGc/ND6ZLw=
-14,-20,l1yrycXINE830GOGA5N0b64HTkw=,S1/fQX6lXsD+VE5ImuGc/ND6ZLw=
-14,-19,l1yrycXINE830GOGA5N0b64HTkw=,S1/fQX6lXsD+VE5ImuGc/ND6ZLw=
-15,-20,l1yrycXINE830GOGA5N0b64HTkw=,S1/fQX6lXsD+VE5ImuGc/ND6ZLw=
-14,-18,l1yrycXINE830GOGA5N0b64HTkw=,S1/fQX6lXsD+VE5ImuGc/ND6ZLw=
-12,-21,l1yrycXINE830GOGA5N0b64HTkw=,QQ2T+orqTZTm1b1HYkn/5bPEtuQ=
-13,-21,l1yrycXINE830GOGA5N0b64HTkw=,DgIYYWZZh4lJEpBdK5JZQdcnYiY=
-13,-19,l1yrycXINE830GOGA5N0b64HTkw=,S1/fQX6lXsD+VE5ImuGc/ND6ZLw=
-15,-21,l1yrycXINE830GOGA5N0b64HTkw=,DgIYYWZZh4lJEpBdK5JZQdcnYiY=
-12,-20,l1yrycXINE830GOGA5N0b64HTkw=,zsBkOAFoI6PI3ruXDxhXN40c3+4=
-15,-18,l1yrycXINE830GOGA5N0b64HTkw=,S1/fQX6lXsD+VE5ImuGc/ND6ZLw=
-14,-21,l1yrycXINE830GOGA5N0b64HTkw=,DgIYYWZZh4lJEpBdK5JZQdcnYiY=
-6,-23,l1yrycXINE830GOGA5N0b64HTkw=,3cvgMqkGFMRtTPPspgiDYLQnAdg=
-8,-22,l1yrycXINE830GOGA5N0b64HTkw=,3cvgMqkGFMRtTPPspgiDYLQnAdg=
-9,-22,l1yrycXINE830GOGA5N0b64HTkw=,QQ2T+orqTZTm1b1HYkn/5bPEtuQ=
-9,-21,l1yrycXINE830GOGA5N0b64HTkw=,QQ2T+orqTZTm1b1HYkn/5bPEtuQ=
-8,-23,l1yrycXINE830GOGA5N0b64HTkw=,3cvgMqkGFMRtTPPspgiDYLQnAdg=
-7,-23,l1yrycXINE830GOGA5N0b64HTkw=,3cvgMqkGFMRtTPPspgiDYLQnAdg=
-6,-20,l1yrycXINE830GOGA5N0b64HTkw=,wQ96f+H9slyHfPEYCNF7OIUczt8=
-9,-23,l1yrycXINE830GOGA5N0b64HTkw=,QQ2T+orqTZTm1b1HYkn/5bPEtuQ=
-7,-21,l1yrycXINE830GOGA5N0b64HTkw=,3cvgMqkGFMRtTPPspgiDYLQnAdg=
-8,-21,l1yrycXINE830GOGA5N0b64HTkw=,3cvgMqkGFMRtTPPspgiDYLQnAdg=
-7,-20,l1yrycXINE830GOGA5N0b64HTkw=,wQ96f+H9slyHfPEYCNF7OIUczt8=
-7,-22,l1yrycXINE830GOGA5N0b64HTkw=,3cvgMqkGFMRtTPPspgiDYLQnAdg=
-8,-20,l1yrycXINE830GOGA5N0b64HTkw=,wQ96f+H9slyHfPEYCNF7OIUczt8=
-6,-21,l1yrycXINE830GOGA5N0b64HTkw=,3cvgMqkGFMRtTPPspgiDYLQnAdg=
-6,-22,l1yrycXINE830GOGA5N0b64HTkw=,3cvgMqkGFMRtTPPspgiDYLQnAdg=
-9,-20,l1yrycXINE830GOGA5N0b64HTkw=,zsBkOAFoI6PI3ruXDxhXN40c3+4=
-5,-23,l1yrycXINE830GOGA5N0b64HTkw=,3cvgMqkGFMRtTPPspgiDYLQnAdg=
-5,-22,l1yrycXINE830GOGA5N0b64HTkw=,3cvgMqkGFMRtTPPspgiDYLQnAdg=
-5,-18,l1yrycXINE830GOGA5N0b64HTkw=,wQ96f+H9slyHfPEYCNF7OIUczt8=
-2,-19,l1yrycXINE830GOGA5N0b64HTkw=,wQ96f+H9slyHfPEYCNF7OIUczt8=
-5,-19,l1yrycXINE830GOGA5N0b64HTkw=,wQ96f+H9slyHfPEYCNF7OIUczt8=
-5,-20,l1yrycXINE830GOGA5N0b64HTkw=,wQ96f+H9slyHfPEYCNF7OIUczt8=
-5,-21,l1yrycXINE830GOGA5N0b64HTkw=,3cvgMqkGFMRtTPPspgiDYLQnAdg=
-4,-20,l1yrycXINE830GOGA5N0b64HTkw=,wQ96f+H9slyHfPEYCNF7OIUczt8=
-2,-18,l1yrycXINE830GOGA5N0b64HTkw=,wQ96f+H9slyHfPEYCNF7OIUczt8=
-3,-20,l1yrycXINE830GOGA5N0b64HTkw=,wQ96f+H9slyHfPEYCNF7OIUczt8=
-2,-20,l1yrycXINE830GOGA5N0b64HTkw=,wQ96f+H9slyHfPEYCNF7OIUczt8=
-3,-19,l1yrycXINE830GOGA5N0b64HTkw=,wQ96f+H9slyHfPEYCNF7OIUczt8=
-3,-18,l1yrycXINE830GOGA5N0b64HTkw=,wQ96f+H9slyHfPEYCNF7OIUczt8=
-4,-18,l1yrycXINE830GOGA5N0b64HTkw=,wQ96f+H9slyHfPEYCNF7OIUczt8=
-4,-19,l1yrycXINE830GOGA5N0b64HTkw=,wQ96f+H9slyHfPEYCNF7OIUczt8=
-2,-17,l1yrycXINE830GOGA5N0b64HTkw=,wQ96f+H9slyHfPEYCNF7OIUczt8=
-3,-17,jK5itY6VeQ0c1duVdrb72gSXvuw=,wQ96f+H9slyHfPEYCNF7OIUczt8=
-11,-17,jK5itY6VeQ0c1duVdrb72gSXvuw=,zsBkOAFoI6PI3ruXDxhXN40c3+4=
-4,-17,jK5itY6VeQ0c1duVdrb72gSXvuw=,wQ96f+H9slyHfPEYCNF7OIUczt8=
-5,-17,jK5itY6VeQ0c1duVdrb72gSXvuw=,wQ96f+H9slyHfPEYCNF7OIUczt8=
-8,-17,jK5itY6VeQ0c1duVdrb72gSXvuw=,wQ96f+H9slyHfPEYCNF7OIUczt8=
-10,-17,jK5itY6VeQ0c1duVdrb72gSXvuw=,zsBkOAFoI6PI3ruXDxhXN40c3+4=
-7,-17,jK5itY6VeQ0c1duVdrb72gSXvuw=,wQ96f+H9slyHfPEYCNF7OIUczt8=
-6,-17,jK5itY6VeQ0c1duVdrb72gSXvuw=,wQ96f+H9slyHfPEYCNF7OIUczt8=
-9,-17,jK5itY6VeQ0c1duVdrb72gSXvuw=,zsBkOAFoI6PI3ruXDxhXN40c3+4=
-14,-17,jK5itY6VeQ0c1duVdrb72gSXvuw=,S1/fQX6lXsD+VE5ImuGc/ND6ZLw=
-13,-17,jK5itY6VeQ0c1duVdrb72gSXvuw=,S1/fQX6lXsD+VE5ImuGc/ND6ZLw=
-15,-17,jK5itY6VeQ0c1duVdrb72gSXvuw=,S1/fQX6lXsD+VE5ImuGc/ND6ZLw=
-12,-17,jK5itY6VeQ0c1duVdrb72gSXvuw=,zsBkOAFoI6PI3ruXDxhXN40c3+4=
-16,-18,jK5itY6VeQ0c1duVdrb72gSXvuw=,S1/fQX6lXsD+VE5ImuGc/ND6ZLw=
-16,-19,jK5itY6VeQ0c1duVdrb72gSXvuw=,S1/fQX6lXsD+VE5ImuGc/ND6ZLw=
-16,-27,FkN1SRBH/rMwLBtGDgwnnSp1oDo=,8NQqt7mwtBrFvcYLoAavQ2j6YX0=
-16,-26,FkN1SRBH/rMwLBtGDgwnnSp1oDo=,8NQqt7mwtBrFvcYLoAavQ2j6YX0=
-16,-24,FkN1SRBH/rMwLBtGDgwnnSp1oDo=,DgIYYWZZh4lJEpBdK5JZQdcnYiY=
-16,-25,FkN1SRBH/rMwLBtGDgwnnSp1oDo=,8NQqt7mwtBrFvcYLoAavQ2j6YX0=
-16,-20,FkN1SRBH/rMwLBtGDgwnnSp1oDo=,S1/fQX6lXsD+VE5ImuGc/ND6ZLw=
-16,-23,FkN1SRBH/rMwLBtGDgwnnSp1oDo=,DgIYYWZZh4lJEpBdK5JZQdcnYiY=
-16,-21,FkN1SRBH/rMwLBtGDgwnnSp1oDo=,DgIYYWZZh4lJEpBdK5JZQdcnYiY=
-16,-22,FkN1SRBH/rMwLBtGDgwnnSp1oDo=,DgIYYWZZh4lJEpBdK5JZQdcnYiY=
-14,-28,FkN1SRBH/rMwLBtGDgwnnSp1oDo=,8NQqt7mwtBrFvcYLoAavQ2j6YX0=
-15,-31,FkN1SRBH/rMwLBtGDgwnnSp1oDo=,+WPJ7gyyPlXXG0qbQgnurtLqZ/I=
-14,-30,FkN1SRBH/rMwLBtGDgwnnSp1oDo=,+WPJ7gyyPlXXG0qbQgnurtLqZ/I=
-14,-31,FkN1SRBH/rMwLBtGDgwnnSp1oDo=,+WPJ7gyyPlXXG0qbQgnurtLqZ/I=
-15,-30,FkN1SRBH/rMwLBtGDgwnnSp1oDo=,+WPJ7gyyPlXXG0qbQgnurtLqZ/I=
-15,-29,FkN1SRBH/rMwLBtGDgwnnSp1oDo=,+WPJ7gyyPlXXG0qbQgnurtLqZ/I=
-14,-29,FkN1SRBH/rMwLBtGDgwnnSp1oDo=,+WPJ7gyyPlXXG0qbQgnurtLqZ/I=
-15,-28,FkN1SRBH/rMwLBtGDgwnnSp1oDo=,8NQqt7mwtBrFvcYLoAavQ2j6YX0=
-16,-29,FkN1SRBH/rMwLBtGDgwnnSp1oDo=,+WPJ7gyyPlXXG0qbQgnurtLqZ/I=
-16,-30,FkN1SRBH/rMwLBtGDgwnnSp1oDo=,+WPJ7gyyPlXXG0qbQgnurtLqZ/I=
-16,-28,FkN1SRBH/rMwLBtGDgwnnSp1oDo=,8NQqt7mwtBrFvcYLoAavQ2j6YX0=
-16,-31,FkN1SRBH/rMwLBtGDgwnnSp1oDo=,+WPJ7gyyPlXXG0qbQgnurtLqZ/I=
-14,-32,FkN1SRBH/rMwLBtGDgwnnSp1oDo=,+WPJ7gyyPlXXG0qbQgnurtLqZ/I=
-10,-24,FkN1SRBH/rMwLBtGDgwnnSp1oDo=,QQ2T+orqTZTm1b1HYkn/5bPEtuQ=
-13,-25,FkN1SRBH/rMwLBtGDgwnnSp1oDo=,8NQqt7mwtBrFvcYLoAavQ2j6YX0=
-15,-32,FkN1SRBH/rMwLBtGDgwnnSp1oDo=,+WPJ7gyyPlXXG0qbQgnurtLqZ/I=
-13,-26,FkN1SRBH/rMwLBtGDgwnnSp1oDo=,8NQqt7mwtBrFvcYLoAavQ2j6YX0=
-13,-24,FkN1SRBH/rMwLBtGDgwnnSp1oDo=,DgIYYWZZh4lJEpBdK5JZQdcnYiY=
-13,-27,FkN1SRBH/rMwLBtGDgwnnSp1oDo=,8NQqt7mwtBrFvcYLoAavQ2j6YX0=
-11,-24,FkN1SRBH/rMwLBtGDgwnnSp1oDo=,QQ2T+orqTZTm1b1HYkn/5bPEtuQ=
-12,-24,FkN1SRBH/rMwLBtGDgwnnSp1oDo=,QQ2T+orqTZTm1b1HYkn/5bPEtuQ=
-13,-28,FkN1SRBH/rMwLBtGDgwnnSp1oDo=,8NQqt7mwtBrFvcYLoAavQ2j6YX0=
-13,-30,FkN1SRBH/rMwLBtGDgwnnSp1oDo=,+WPJ7gyyPlXXG0qbQgnurtLqZ/I=
-13,-31,FkN1SRBH/rMwLBtGDgwnnSp1oDo=,+WPJ7gyyPlXXG0qbQgnurtLqZ/I=
-13,-29,FkN1SRBH/rMwLBtGDgwnnSp1oDo=,+WPJ7gyyPlXXG0qbQgnurtLqZ/I=
-1,-18,FkN1SRBH/rMwLBtGDgwnnSp1oDo=,wQ96f+H9slyHfPEYCNF7OIUczt8=
-1,-19,FkN1SRBH/rMwLBtGDgwnnSp1oDo=,wQ96f+H9slyHfPEYCNF7OIUczt8=
-1,-17,FkN1SRBH/rMwLBtGDgwnnSp1oDo=,wQ96f+H9slyHfPEYCNF7OIUczt8=
-1,-20,FkN1SRBH/rMwLBtGDgwnnSp1oDo=,wQ96f+H9slyHfPEYCNF7OIUczt8=
-16,-17,FkN1SRBH/rMwLBtGDgwnnSp1oDo=,S1/fQX6lXsD+VE5ImuGc/ND6ZLw=
-16,-32,FkN1SRBH/rMwLBtGDgwnnSp1oDo=,+WPJ7gyyPlXXG0qbQgnurtLqZ/I=
-8,-24,FkN1SRBH/rMwLBtGDgwnnSp1oDo=,3cvgMqkGFMRtTPPspgiDYLQnAdg=
-9,-24,FkN1SRBH/rMwLBtGDgwnnSp1oDo=,QQ2T+orqTZTm1b1HYkn/5bPEtuQ=
-7,-24,FkN1SRBH/rMwLBtGDgwnnSp1oDo=,3cvgMqkGFMRtTPPspgiDYLQnAdg=
-5,-24,FkN1SRBH/rMwLBtGDgwnnSp1oDo=,3cvgMqkGFMRtTPPspgiDYLQnAdg=
-6,-24,FkN1SRBH/rMwLBtGDgwnnSp1oDo=,3cvgMqkGFMRtTPPspgiDYLQnAdg=
-13,-32,FkN1SRBH/rMwLBtGDgwnnSp1oDo=,+WPJ7gyyPlXXG0qbQgnurtLqZ/I=
-27,-31,Y5yeCQnUh6vUgYxnoCcxePd6YiQ=,3Kl7s5G/j4AmMQL07RFHRehEf4g=
-26,-31,zb/rK/lERpZX6yEXUY84E+9xP0I=,3Kl7s5G/j4AmMQL07RFHRehEf4g=
-26,-30,c1nkDsGN4jKfAUhSdkj8sHgcfnA=,3Kl7s5G/j4AmMQL07RFHRehEf4g=
-27,-30,c1nkDsGN4jKfAUhSdkj8sHgcfnA=,3Kl7s5G/j4AmMQL07RFHRehEf4g=
-26,-26,c1nkDsGN4jKfAUhSdkj8sHgcfnA=,3Bforva/Eees+6guIzSXb5IAgD8=
-27,-26,c1nkDsGN4jKfAUhSdkj8sHgcfnA=,3Bforva/Eees+6guIzSXb5IAgD8=
-27,-27,c1nkDsGN4jKfAUhSdkj8sHgcfnA=,3Bforva/Eees+6guIzSXb5IAgD8=
-27,-29,c1nkDsGN4jKfAUhSdkj8sHgcfnA=,3Kl7s5G/j4AmMQL07RFHRehEf4g=
-27,-28,c1nkDsGN4jKfAUhSdkj8sHgcfnA=,3Bforva/Eees+6guIzSXb5IAgD8=
-26,-28,c1nkDsGN4jKfAUhSdkj8sHgcfnA=,3Bforva/Eees+6guIzSXb5IAgD8=
-26,-27,c1nkDsGN4jKfAUhSdkj8sHgcfnA=,3Bforva/Eees+6guIzSXb5IAgD8=
-26,-29,c1nkDsGN4jKfAUhSdkj8sHgcfnA=,3Kl7s5G/j4AmMQL07RFHRehEf4g=
-29,-30,c1nkDsGN4jKfAUhSdkj8sHgcfnA=,ISUhw1heMerbYLM+IhkHUkh3j7k=
-28,-31,c1nkDsGN4jKfAUhSdkj8sHgcfnA=,3Kl7s5G/j4AmMQL07RFHRehEf4g=
-31,-27,c1nkDsGN4jKfAUhSdkj8sHgcfnA=,xFdnTrJemdZBFSh3jcrWaVAknUw=
-31,-29,c1nkDsGN4jKfAUhSdkj8sHgcfnA=,ISUhw1heMerbYLM+IhkHUkh3j7k=
-28,-30,c1nkDsGN4jKfAUhSdkj8sHgcfnA=,3Kl7s5G/j4AmMQL07RFHRehEf4g=
-30,-30,c1nkDsGN4jKfAUhSdkj8sHgcfnA=,ISUhw1heMerbYLM+IhkHUkh3j7k=
-30,-27,c1nkDsGN4jKfAUhSdkj8sHgcfnA=,xFdnTrJemdZBFSh3jcrWaVAknUw=
-31,-31,c1nkDsGN4jKfAUhSdkj8sHgcfnA=,ISUhw1heMerbYLM+IhkHUkh3j7k=
-29,-27,c1nkDsGN4jKfAUhSdkj8sHgcfnA=,xFdnTrJemdZBFSh3jcrWaVAknUw=
-29,-28,c1nkDsGN4jKfAUhSdkj8sHgcfnA=,xFdnTrJemdZBFSh3jcrWaVAknUw=
-30,-31,c1nkDsGN4jKfAUhSdkj8sHgcfnA=,ISUhw1heMerbYLM+IhkHUkh3j7k=
-31,-26,c1nkDsGN4jKfAUhSdkj8sHgcfnA=,xFdnTrJemdZBFSh3jcrWaVAknUw=
-31,-30,c1nkDsGN4jKfAUhSdkj8sHgcfnA=,ISUhw1heMerbYLM+IhkHUkh3j7k=
-30,-28,c1nkDsGN4jKfAUhSdkj8sHgcfnA=,xFdnTrJemdZBFSh3jcrWaVAknUw=
-29,-31,c1nkDsGN4jKfAUhSdkj8sHgcfnA=,ISUhw1heMerbYLM+IhkHUkh3j7k=
-30,-26,c1nkDsGN4jKfAUhSdkj8sHgcfnA=,xFdnTrJemdZBFSh3jcrWaVAknUw=
-28,-28,c1nkDsGN4jKfAUhSdkj8sHgcfnA=,3Bforva/Eees+6guIzSXb5IAgD8=
-28,-26,c1nkDsGN4jKfAUhSdkj8sHgcfnA=,3Bforva/Eees+6guIzSXb5IAgD8=
-30,-29,c1nkDsGN4jKfAUhSdkj8sHgcfnA=,ISUhw1heMerbYLM+IhkHUkh3j7k=
-28,-29,c1nkDsGN4jKfAUhSdkj8sHgcfnA=,3Kl7s5G/j4AmMQL07RFHRehEf4g=
-28,-27,c1nkDsGN4jKfAUhSdkj8sHgcfnA=,3Bforva/Eees+6guIzSXb5IAgD8=
-29,-29,c1nkDsGN4jKfAUhSdkj8sHgcfnA=,ISUhw1heMerbYLM+IhkHUkh3j7k=
-31,-28,c1nkDsGN4jKfAUhSdkj8sHgcfnA=,xFdnTrJemdZBFSh3jcrWaVAknUw=
-29,-26,c1nkDsGN4jKfAUhSdkj8sHgcfnA=,xFdnTrJemdZBFSh3jcrWaVAknUw=
-27,-23,KeTKDcFGtVmRQ3CnuFK3ft4wsuk=,uYjN+KxIk9zJqYLhIjTGtbIgg38=
-26,-24,KeTKDcFGtVmRQ3CnuFK3ft4wsuk=,uYjN+KxIk9zJqYLhIjTGtbIgg38=
-26,-25,KeTKDcFGtVmRQ3CnuFK3ft4wsuk=,3Bforva/Eees+6guIzSXb5IAgD8=
-26,-22,KeTKDcFGtVmRQ3CnuFK3ft4wsuk=,uYjN+KxIk9zJqYLhIjTGtbIgg38=
-27,-22,KeTKDcFGtVmRQ3CnuFK3ft4wsuk=,uYjN+KxIk9zJqYLhIjTGtbIgg38=
-27,-24,KeTKDcFGtVmRQ3CnuFK3ft4wsuk=,uYjN+KxIk9zJqYLhIjTGtbIgg38=
-26,-23,KeTKDcFGtVmRQ3CnuFK3ft4wsuk=,uYjN+KxIk9zJqYLhIjTGtbIgg38=
-24,-31,Z/XjQDn86nHvEd7KiQoavJUIKEs=,A7g9Vlqjny7raaZjKDW7LBNPy8k=
-27,-25,Z/XjQDn86nHvEd7KiQoavJUIKEs=,3Bforva/Eees+6guIzSXb5IAgD8=
-25,-31,Z/XjQDn86nHvEd7KiQoavJUIKEs=,3Kl7s5G/j4AmMQL07RFHRehEf4g=
-25,-30,Z/XjQDn86nHvEd7KiQoavJUIKEs=,3Kl7s5G/j4AmMQL07RFHRehEf4g=
-22,-31,Z/XjQDn86nHvEd7KiQoavJUIKEs=,A7g9Vlqjny7raaZjKDW7LBNPy8k=
-23,-31,Z/XjQDn86nHvEd7KiQoavJUIKEs=,A7g9Vlqjny7raaZjKDW7LBNPy8k=
-22,-30,Z/XjQDn86nHvEd7KiQoavJUIKEs=,A7g9Vlqjny7raaZjKDW7LBNPy8k=
-23,-30,Z/XjQDn86nHvEd7KiQoavJUIKEs=,A7g9Vlqjny7raaZjKDW7LBNPy8k=
-22,-22,Z/XjQDn86nHvEd7KiQoavJUIKEs=,BRBtggI066AjQ+EuZj/ABUWA2WQ=
-25,-23,Z/XjQDn86nHvEd7KiQoavJUIKEs=,uYjN+KxIk9zJqYLhIjTGtbIgg38=
-24,-30,Z/XjQDn86nHvEd7KiQoavJUIKEs=,A7g9Vlqjny7raaZjKDW7LBNPy8k=
-24,-23,Z/XjQDn86nHvEd7KiQoavJUIKEs=,BRBtggI066AjQ+EuZj/ABUWA2WQ=
-25,-22,Z/XjQDn86nHvEd7KiQoavJUIKEs=,uYjN+KxIk9zJqYLhIjTGtbIgg38=
-23,-23,Z/XjQDn86nHvEd7KiQoavJUIKEs=,BRBtggI066AjQ+EuZj/ABUWA2WQ=
-24,-22,Z/XjQDn86nHvEd7KiQoavJUIKEs=,BRBtggI066AjQ+EuZj/ABUWA2WQ=
-22,-23,Z/XjQDn86nHvEd7KiQoavJUIKEs=,BRBtggI066AjQ+EuZj/ABUWA2WQ=
-23,-22,Z/XjQDn86nHvEd7KiQoavJUIKEs=,BRBtggI066AjQ+EuZj/ABUWA2WQ=
-24,-25,Z/XjQDn86nHvEd7KiQoavJUIKEs=,wZjn2NAED2WieON+heXgy3vc09E=
-25,-26,Z/XjQDn86nHvEd7KiQoavJUIKEs=,3Bforva/Eees+6guIzSXb5IAgD8=
-25,-24,Z/XjQDn86nHvEd7KiQoavJUIKEs=,uYjN+KxIk9zJqYLhIjTGtbIgg38=
-24,-27,Z/XjQDn86nHvEd7KiQoavJUIKEs=,wZjn2NAED2WieON+heXgy3vc09E=
-22,-28,Z/XjQDn86nHvEd7KiQoavJUIKEs=,wZjn2NAED2WieON+heXgy3vc09E=
-23,-27,Z/XjQDn86nHvEd7KiQoavJUIKEs=,wZjn2NAED2WieON+heXgy3vc09E=
-25,-25,Z/XjQDn86nHvEd7KiQoavJUIKEs=,3Bforva/Eees+6guIzSXb5IAgD8=
-22,-27,Z/XjQDn86nHvEd7KiQoavJUIKEs=,wZjn2NAED2WieON+heXgy3vc09E=
-23,-28,Z/XjQDn86nHvEd7KiQoavJUIKEs=,wZjn2NAED2WieON+heXgy3vc09E=
-24,-28,Z/XjQDn86nHvEd7KiQoavJUIKEs=,wZjn2NAED2WieON+heXgy3vc09E=
-23,-25,Z/XjQDn86nHvEd7KiQoavJUIKEs=,wZjn2NAED2WieON+heXgy3vc09E=
-22,-26,Z/XjQDn86nHvEd7KiQoavJUIKEs=,wZjn2NAED2WieON+heXgy3vc09E=
-23,-26,Z/XjQDn86nHvEd7KiQoavJUIKEs=,wZjn2NAED2WieON+heXgy3vc09E=
-22,-29,Z/XjQDn86nHvEd7KiQoavJUIKEs=,A7g9Vlqjny7raaZjKDW7LBNPy8k=
-22,-25,Z/XjQDn86nHvEd7KiQoavJUIKEs=,wZjn2NAED2WieON+heXgy3vc09E=
-23,-29,Z/XjQDn86nHvEd7KiQoavJUIKEs=,A7g9Vlqjny7raaZjKDW7LBNPy8k=
-25,-27,Z/XjQDn86nHvEd7KiQoavJUIKEs=,3Bforva/Eees+6guIzSXb5IAgD8=
-24,-24,Z/XjQDn86nHvEd7KiQoavJUIKEs=,BRBtggI066AjQ+EuZj/ABUWA2WQ=
-25,-28,Z/XjQDn86nHvEd7KiQoavJUIKEs=,3Bforva/Eees+6guIzSXb5IAgD8=
-24,-29,Z/XjQDn86nHvEd7KiQoavJUIKEs=,A7g9Vlqjny7raaZjKDW7LBNPy8k=
-24,-26,Z/XjQDn86nHvEd7KiQoavJUIKEs=,wZjn2NAED2WieON+heXgy3vc09E=
-22,-24,Z/XjQDn86nHvEd7KiQoavJUIKEs=,BRBtggI066AjQ+EuZj/ABUWA2WQ=
-25,-29,Z/XjQDn86nHvEd7KiQoavJUIKEs=,3Kl7s5G/j4AmMQL07RFHRehEf4g=
-23,-24,Z/XjQDn86nHvEd7KiQoavJUIKEs=,BRBtggI066AjQ+EuZj/ABUWA2WQ=
-21,-31,1fh3FeF1tuHArR4I7uYURE+vUAw=,A7g9Vlqjny7raaZjKDW7LBNPy8k=
-18,-30,1fh3FeF1tuHArR4I7uYURE+vUAw=,X0UswST3B9cRc7jtd3BgXe+ioVU=
-18,-31,1fh3FeF1tuHArR4I7uYURE+vUAw=,X0UswST3B9cRc7jtd3BgXe+ioVU=
-19,-30,1fh3FeF1tuHArR4I7uYURE+vUAw=,X0UswST3B9cRc7jtd3BgXe+ioVU=
-21,-30,1fh3FeF1tuHArR4I7uYURE+vUAw=,A7g9Vlqjny7raaZjKDW7LBNPy8k=
-19,-31,1fh3FeF1tuHArR4I7uYURE+vUAw=,X0UswST3B9cRc7jtd3BgXe+ioVU=
-20,-31,1fh3FeF1tuHArR4I7uYURE+vUAw=,X0UswST3B9cRc7jtd3BgXe+ioVU=
-20,-30,1fh3FeF1tuHArR4I7uYURE+vUAw=,X0UswST3B9cRc7jtd3BgXe+ioVU=
-19,-19,1fh3FeF1tuHArR4I7uYURE+vUAw=,eTLQGSuPKb9TkuQjpfP5cmdJlyg=
-18,-18,1fh3FeF1tuHArR4I7uYURE+vUAw=,eTLQGSuPKb9TkuQjpfP5cmdJlyg=
-18,-19,1fh3FeF1tuHArR4I7uYURE+vUAw=,eTLQGSuPKb9TkuQjpfP5cmdJlyg=
-19,-18,1fh3FeF1tuHArR4I7uYURE+vUAw=,eTLQGSuPKb9TkuQjpfP5cmdJlyg=
-23,-21,aXiYgqLwbxbo1h/LALrIpYbtVoY=,BRBtggI066AjQ+EuZj/ABUWA2WQ=
-21,-18,t3Y1oS5hzUl3QAPL1q1Qhgb+38k=,oxdefCi8/3XC54Tl46GU430TVbw=
-22,-18,FUMIETMhqIw1VCjuhczesjjUIdQ=,oxdefCi8/3XC54Tl46GU430TVbw=
-23,-18,FUMIETMhqIw1VCjuhczesjjUIdQ=,oxdefCi8/3XC54Tl46GU430TVbw=
-22,-19,FUMIETMhqIw1VCjuhczesjjUIdQ=,oxdefCi8/3XC54Tl46GU430TVbw=
-23,-19,FUMIETMhqIw1VCjuhczesjjUIdQ=,oxdefCi8/3XC54Tl46GU430TVbw=
-21,-19,FUMIETMhqIw1VCjuhczesjjUIdQ=,oxdefCi8/3XC54Tl46GU430TVbw=
-20,-18,FUMIETMhqIw1VCjuhczesjjUIdQ=,eTLQGSuPKb9TkuQjpfP5cmdJlyg=
-20,-19,FUMIETMhqIw1VCjuhczesjjUIdQ=,eTLQGSuPKb9TkuQjpfP5cmdJlyg=
-22,-20,FUMIETMhqIw1VCjuhczesjjUIdQ=,oxdefCi8/3XC54Tl46GU430TVbw=
-23,-20,FUMIETMhqIw1VCjuhczesjjUIdQ=,oxdefCi8/3XC54Tl46GU430TVbw=
-22,-21,FUMIETMhqIw1VCjuhczesjjUIdQ=,BRBtggI066AjQ+EuZj/ABUWA2WQ=
-21,-21,FUMIETMhqIw1VCjuhczesjjUIdQ=,BRBtggI066AjQ+EuZj/ABUWA2WQ=
-19,-29,FUMIETMhqIw1VCjuhczesjjUIdQ=,X0UswST3B9cRc7jtd3BgXe+ioVU=
-18,-20,FUMIETMhqIw1VCjuhczesjjUIdQ=,eTLQGSuPKb9TkuQjpfP5cmdJlyg=
-18,-29,FUMIETMhqIw1VCjuhczesjjUIdQ=,X0UswST3B9cRc7jtd3BgXe+ioVU=
-19,-21,FUMIETMhqIw1VCjuhczesjjUIdQ=,LH1CIWaMFc3fX/Xj5uy7pFZavdc=
-17,-20,FUMIETMhqIw1VCjuhczesjjUIdQ=,eTLQGSuPKb9TkuQjpfP5cmdJlyg=
-17,-21,FUMIETMhqIw1VCjuhczesjjUIdQ=,LH1CIWaMFc3fX/Xj5uy7pFZavdc=
-19,-27,FUMIETMhqIw1VCjuhczesjjUIdQ=,PI3xX+vaveZ8LwE/GBjY0jlnsZQ=
-17,-18,FUMIETMhqIw1VCjuhczesjjUIdQ=,eTLQGSuPKb9TkuQjpfP5cmdJlyg=
-17,-23,FUMIETMhqIw1VCjuhczesjjUIdQ=,LH1CIWaMFc3fX/Xj5uy7pFZavdc=
-19,-26,FUMIETMhqIw1VCjuhczesjjUIdQ=,PI3xX+vaveZ8LwE/GBjY0jlnsZQ=
-20,-24,FUMIETMhqIw1VCjuhczesjjUIdQ=,LH1CIWaMFc3fX/Xj5uy7pFZavdc=
-20,-20,FUMIETMhqIw1VCjuhczesjjUIdQ=,eTLQGSuPKb9TkuQjpfP5cmdJlyg=
-20,-22,FUMIETMhqIw1VCjuhczesjjUIdQ=,LH1CIWaMFc3fX/Xj5uy7pFZavdc=
-17,-19,FUMIETMhqIw1VCjuhczesjjUIdQ=,eTLQGSuPKb9TkuQjpfP5cmdJlyg=
-20,-21,FUMIETMhqIw1VCjuhczesjjUIdQ=,LH1CIWaMFc3fX/Xj5uy7pFZavdc=
-19,-22,FUMIETMhqIw1VCjuhczesjjUIdQ=,LH1CIWaMFc3fX/Xj5uy7pFZavdc=
-21,-20,FUMIETMhqIw1VCjuhczesjjUIdQ=,oxdefCi8/3XC54Tl46GU430TVbw=
-18,-23,FUMIETMhqIw1VCjuhczesjjUIdQ=,LH1CIWaMFc3fX/Xj5uy7pFZavdc=
-18,-26,FUMIETMhqIw1VCjuhczesjjUIdQ=,PI3xX+vaveZ8LwE/GBjY0jlnsZQ=
-19,-23,FUMIETMhqIw1VCjuhczesjjUIdQ=,LH1CIWaMFc3fX/Xj5uy7pFZavdc=
-19,-24,FUMIETMhqIw1VCjuhczesjjUIdQ=,LH1CIWaMFc3fX/Xj5uy7pFZavdc=
-17,-22,FUMIETMhqIw1VCjuhczesjjUIdQ=,LH1CIWaMFc3fX/Xj5uy7pFZavdc=
-21,-27,FUMIETMhqIw1VCjuhczesjjUIdQ=,wZjn2NAED2WieON+heXgy3vc09E=
-21,-23,FUMIETMhqIw1VCjuhczesjjUIdQ=,BRBtggI066AjQ+EuZj/ABUWA2WQ=
-18,-21,FUMIETMhqIw1VCjuhczesjjUIdQ=,LH1CIWaMFc3fX/Xj5uy7pFZavdc=
-21,-28,FUMIETMhqIw1VCjuhczesjjUIdQ=,wZjn2NAED2WieON+heXgy3vc09E=
-17,-26,FUMIETMhqIw1VCjuhczesjjUIdQ=,PI3xX+vaveZ8LwE/GBjY0jlnsZQ=
-20,-23,FUMIETMhqIw1VCjuhczesjjUIdQ=,LH1CIWaMFc3fX/Xj5uy7pFZavdc=
-19,-25,FUMIETMhqIw1VCjuhczesjjUIdQ=,PI3xX+vaveZ8LwE/GBjY0jlnsZQ=
-20,-26,FUMIETMhqIw1VCjuhczesjjUIdQ=,PI3xX+vaveZ8LwE/GBjY0jlnsZQ=
-19,-20,FUMIETMhqIw1VCjuhczesjjUIdQ=,eTLQGSuPKb9TkuQjpfP5cmdJlyg=
-20,-28,FUMIETMhqIw1VCjuhczesjjUIdQ=,PI3xX+vaveZ8LwE/GBjY0jlnsZQ=
-17,-24,FUMIETMhqIw1VCjuhczesjjUIdQ=,LH1CIWaMFc3fX/Xj5uy7pFZavdc=
-21,-25,FUMIETMhqIw1VCjuhczesjjUIdQ=,wZjn2NAED2WieON+heXgy3vc09E=
-20,-27,FUMIETMhqIw1VCjuhczesjjUIdQ=,PI3xX+vaveZ8LwE/GBjY0jlnsZQ=
-21,-22,FUMIETMhqIw1VCjuhczesjjUIdQ=,BRBtggI066AjQ+EuZj/ABUWA2WQ=
-20,-25,FUMIETMhqIw1VCjuhczesjjUIdQ=,PI3xX+vaveZ8LwE/GBjY0jlnsZQ=
-18,-25,FUMIETMhqIw1VCjuhczesjjUIdQ=,PI3xX+vaveZ8LwE/GBjY0jlnsZQ=
-18,-28,FUMIETMhqIw1VCjuhczesjjUIdQ=,PI3xX+vaveZ8LwE/GBjY0jlnsZQ=
-17,-25,FUMIETMhqIw1VCjuhczesjjUIdQ=,PI3xX+vaveZ8LwE/GBjY0jlnsZQ=
-17,-27,FUMIETMhqIw1VCjuhczesjjUIdQ=,PI3xX+vaveZ8LwE/GBjY0jlnsZQ=
-20,-29,FUMIETMhqIw1VCjuhczesjjUIdQ=,X0UswST3B9cRc7jtd3BgXe+ioVU=
-18,-22,FUMIETMhqIw1VCjuhczesjjUIdQ=,LH1CIWaMFc3fX/Xj5uy7pFZavdc=
-18,-24,FUMIETMhqIw1VCjuhczesjjUIdQ=,LH1CIWaMFc3fX/Xj5uy7pFZavdc=
-21,-26,FUMIETMhqIw1VCjuhczesjjUIdQ=,wZjn2NAED2WieON+heXgy3vc09E=
-19,-28,FUMIETMhqIw1VCjuhczesjjUIdQ=,PI3xX+vaveZ8LwE/GBjY0jlnsZQ=
-21,-24,FUMIETMhqIw1VCjuhczesjjUIdQ=,BRBtggI066AjQ+EuZj/ABUWA2WQ=
-18,-27,FUMIETMhqIw1VCjuhczesjjUIdQ=,PI3xX+vaveZ8LwE/GBjY0jlnsZQ=
-21,-29,FUMIETMhqIw1VCjuhczesjjUIdQ=,A7g9Vlqjny7raaZjKDW7LBNPy8k=
-19,-32,FUMIETMhqIw1VCjuhczesjjUIdQ=,X0UswST3B9cRc7jtd3BgXe+ioVU=
-18,-32,FUMIETMhqIw1VCjuhczesjjUIdQ=,X0UswST3B9cRc7jtd3BgXe+ioVU=
-23,-32,FUMIETMhqIw1VCjuhczesjjUIdQ=,A7g9Vlqjny7raaZjKDW7LBNPy8k=
-22,-32,FUMIETMhqIw1VCjuhczesjjUIdQ=,A7g9Vlqjny7raaZjKDW7LBNPy8k=
-20,-32,FUMIETMhqIw1VCjuhczesjjUIdQ=,X0UswST3B9cRc7jtd3BgXe+ioVU=
-17,-29,FUMIETMhqIw1VCjuhczesjjUIdQ=,X0UswST3B9cRc7jtd3BgXe+ioVU=
-21,-32,FUMIETMhqIw1VCjuhczesjjUIdQ=,A7g9Vlqjny7raaZjKDW7LBNPy8k=
-17,-31,FUMIETMhqIw1VCjuhczesjjUIdQ=,X0UswST3B9cRc7jtd3BgXe+ioVU=
-17,-30,FUMIETMhqIw1VCjuhczesjjUIdQ=,X0UswST3B9cRc7jtd3BgXe+ioVU=
-17,-28,FUMIETMhqIw1VCjuhczesjjUIdQ=,PI3xX+vaveZ8LwE/GBjY0jlnsZQ=
-24,-32,FUMIETMhqIw1VCjuhczesjjUIdQ=,A7g9Vlqjny7raaZjKDW7LBNPy8k=
-25,-32,FUMIETMhqIw1VCjuhczesjjUIdQ=,3Kl7s5G/j4AmMQL07RFHRehEf4g=
-26,-32,FUMIETMhqIw1VCjuhczesjjUIdQ=,3Kl7s5G/j4AmMQL07RFHRehEf4g=
-27,-32,FUMIETMhqIw1VCjuhczesjjUIdQ=,3Kl7s5G/j4AmMQL07RFHRehEf4g=
-32,-31,03ng6xR0SsyX80ZyETZPAZr5NhE=,ISUhw1heMerbYLM+IhkHUkh3j7k=
-32,-27,03ng6xR0SsyX80ZyETZPAZr5NhE=,xFdnTrJemdZBFSh3jcrWaVAknUw=
-31,-32,03ng6xR0SsyX80ZyETZPAZr5NhE=,ISUhw1heMerbYLM+IhkHUkh3j7k=
-32,-30,p+573Y3AinhseKH8/UI0FjBdkfo=,ISUhw1heMerbYLM+IhkHUkh3j7k=
-28,-32,p+573Y3AinhseKH8/UI0FjBdkfo=,3Kl7s5G/j4AmMQL07RFHRehEf4g=
-30,-32,p+573Y3AinhseKH8/UI0FjBdkfo=,ISUhw1heMerbYLM+IhkHUkh3j7k=
-29,-32,p+573Y3AinhseKH8/UI0FjBdkfo=,ISUhw1heMerbYLM+IhkHUkh3j7k=
-32,-28,p+573Y3AinhseKH8/UI0FjBdkfo=,xFdnTrJemdZBFSh3jcrWaVAknUw=
-32,-29,p+573Y3AinhseKH8/UI0FjBdkfo=,ISUhw1heMerbYLM+IhkHUkh3j7k=
-32,-26,p+573Y3AinhseKH8/UI0FjBdkfo=,xFdnTrJemdZBFSh3jcrWaVAknUw=
-28,-23,p+573Y3AinhseKH8/UI0FjBdkfo=,uYjN+KxIk9zJqYLhIjTGtbIgg38=
-29,-24,p+573Y3AinhseKH8/UI0FjBdkfo=,oxdefCi8/3XC54Tl46GU430TVbw=
-28,-22,p+573Y3AinhseKH8/UI0FjBdkfo=,uYjN+KxIk9zJqYLhIjTGtbIgg38=
-31,-24,p+573Y3AinhseKH8/UI0FjBdkfo=,oxdefCi8/3XC54Tl46GU430TVbw=
-30,-24,p+573Y3AinhseKH8/UI0FjBdkfo=,oxdefCi8/3XC54Tl46GU430TVbw=
-31,-23,p+573Y3AinhseKH8/UI0FjBdkfo=,oxdefCi8/3XC54Tl46GU430TVbw=
-30,-23,p+573Y3AinhseKH8/UI0FjBdkfo=,oxdefCi8/3XC54Tl46GU430TVbw=
-29,-25,p+573Y3AinhseKH8/UI0FjBdkfo=,xFdnTrJemdZBFSh3jcrWaVAknUw=
-28,-24,p+573Y3AinhseKH8/UI0FjBdkfo=,uYjN+KxIk9zJqYLhIjTGtbIgg38=
-31,-25,p+573Y3AinhseKH8/UI0FjBdkfo=,xFdnTrJemdZBFSh3jcrWaVAknUw=
-29,-23,p+573Y3AinhseKH8/UI0FjBdkfo=,oxdefCi8/3XC54Tl46GU430TVbw=
-29,-22,p+573Y3AinhseKH8/UI0FjBdkfo=,oxdefCi8/3XC54Tl46GU430TVbw=
-31,-22,p+573Y3AinhseKH8/UI0FjBdkfo=,oxdefCi8/3XC54Tl46GU430TVbw=
-30,-25,p+573Y3AinhseKH8/UI0FjBdkfo=,xFdnTrJemdZBFSh3jcrWaVAknUw=
-30,-22,p+573Y3AinhseKH8/UI0FjBdkfo=,oxdefCi8/3XC54Tl46GU430TVbw=
-28,-25,p+573Y3AinhseKH8/UI0FjBdkfo=,3Bforva/Eees+6guIzSXb5IAgD8=
-30,-21,p+573Y3AinhseKH8/UI0FjBdkfo=,oxdefCi8/3XC54Tl46GU430TVbw=
-31,-21,p+573Y3AinhseKH8/UI0FjBdkfo=,oxdefCi8/3XC54Tl46GU430TVbw=
-22,-17,p+573Y3AinhseKH8/UI0FjBdkfo=,oxdefCi8/3XC54Tl46GU430TVbw=
-23,-17,p+573Y3AinhseKH8/UI0FjBdkfo=,oxdefCi8/3XC54Tl46GU430TVbw=
-18,-17,p+573Y3AinhseKH8/UI0FjBdkfo=,eTLQGSuPKb9TkuQjpfP5cmdJlyg=
-20,-17,p+573Y3AinhseKH8/UI0FjBdkfo=,eTLQGSuPKb9TkuQjpfP5cmdJlyg=
-21,-17,p+573Y3AinhseKH8/UI0FjBdkfo=,oxdefCi8/3XC54Tl46GU430TVbw=
-19,-17,DpVs5FsGk2aGu1v/RywwAcvnRi0=,eTLQGSuPKb9TkuQjpfP5cmdJlyg=
-17,-17,DpVs5FsGk2aGu1v/RywwAcvnRi0=,eTLQGSuPKb9TkuQjpfP5cmdJlyg=
-24,-21,DpVs5FsGk2aGu1v/RywwAcvnRi0=,BRBtggI066AjQ+EuZj/ABUWA2WQ=
-24,-20,DpVs5FsGk2aGu1v/RywwAcvnRi0=,oxdefCi8/3XC54Tl46GU430TVbw=
-28,-21,DpVs5FsGk2aGu1v/RywwAcvnRi0=,uYjN+KxIk9zJqYLhIjTGtbIgg38=
-26,-21,DpVs5FsGk2aGu1v/RywwAcvnRi0=,uYjN+KxIk9zJqYLhIjTGtbIgg38=
-27,-21,DpVs5FsGk2aGu1v/RywwAcvnRi0=,uYjN+KxIk9zJqYLhIjTGtbIgg38=
-24,-19,DpVs5FsGk2aGu1v/RywwAcvnRi0=,oxdefCi8/3XC54Tl46GU430TVbw=
-25,-21,DpVs5FsGk2aGu1v/RywwAcvnRi0=,uYjN+KxIk9zJqYLhIjTGtbIgg38=
-24,-18,DpVs5FsGk2aGu1v/RywwAcvnRi0=,oxdefCi8/3XC54Tl46GU430TVbw=
-32,-24,DpVs5FsGk2aGu1v/RywwAcvnRi0=,oxdefCi8/3XC54Tl46GU430TVbw=
-32,-23,DpVs5FsGk2aGu1v/RywwAcvnRi0=,oxdefCi8/3XC54Tl46GU430TVbw=
-29,-21,DpVs5FsGk2aGu1v/RywwAcvnRi0=,oxdefCi8/3XC54Tl46GU430TVbw=
-32,-25,DpVs5FsGk2aGu1v/RywwAcvnRi0=,xFdnTrJemdZBFSh3jcrWaVAknUw=
-32,-22,DpVs5FsGk2aGu1v/RywwAcvnRi0=,oxdefCi8/3XC54Tl46GU430TVbw=
-32,-21,DpVs5FsGk2aGu1v/RywwAcvnRi0=,oxdefCi8/3XC54Tl46GU430TVbw=
-32,-32,DpVs5FsGk2aGu1v/RywwAcvnRi0=,ISUhw1heMerbYLM+IhkHUkh3j7k=
-24,-17,DpVs5FsGk2aGu1v/RywwAcvnRi0=,oxdefCi8/3XC54Tl46GU430TVbw=
-17,-32,DpVs5FsGk2aGu1v/RywwAcvnRi0=,X0UswST3B9cRc7jtd3BgXe+ioVU=
-18,-6,4vRGb2VkulZH3yCw2+pWcpAvrrs=,HlpQAfEEQItWGTe3z3jkKMAqJbA=
-17,-6,4vRGb2VkulZH3yCw2+pWcpAvrrs=,HlpQAfEEQItWGTe3z3jkKMAqJbA=
-18,-14,4vRGb2VkulZH3yCw2+pWcpAvrrs=,wZjn2NAED2WieON+heXgy3vc09E=
-18,-8,4vRGb2VkulZH3yCw2+pWcpAvrrs=,HlpQAfEEQItWGTe3z3jkKMAqJbA=
-20,-6,4vRGb2VkulZH3yCw2+pWcpAvrrs=,HlpQAfEEQItWGTe3z3jkKMAqJbA=
-19,-6,4vRGb2VkulZH3yCw2+pWcpAvrrs=,HlpQAfEEQItWGTe3z3jkKMAqJbA=
-20,-7,4vRGb2VkulZH3yCw2+pWcpAvrrs=,HlpQAfEEQItWGTe3z3jkKMAqJbA=
-17,-7,4vRGb2VkulZH3yCw2+pWcpAvrrs=,HlpQAfEEQItWGTe3z3jkKMAqJbA=
-19,-7,4vRGb2VkulZH3yCw2+pWcpAvrrs=,HlpQAfEEQItWGTe3z3jkKMAqJbA=
-19,-8,4vRGb2VkulZH3yCw2+pWcpAvrrs=,HlpQAfEEQItWGTe3z3jkKMAqJbA=
-20,-13,4vRGb2VkulZH3yCw2+pWcpAvrrs=,wZjn2NAED2WieON+heXgy3vc09E=
-19,-14,4vRGb2VkulZH3yCw2+pWcpAvrrs=,wZjn2NAED2WieON+heXgy3vc09E=
-20,-8,4vRGb2VkulZH3yCw2+pWcpAvrrs=,HlpQAfEEQItWGTe3z3jkKMAqJbA=
-18,-7,4vRGb2VkulZH3yCw2+pWcpAvrrs=,HlpQAfEEQItWGTe3z3jkKMAqJbA=
-20,-14,4vRGb2VkulZH3yCw2+pWcpAvrrs=,wZjn2NAED2WieON+heXgy3vc09E=
-17,-15,4vRGb2VkulZH3yCw2+pWcpAvrrs=,wZjn2NAED2WieON+heXgy3vc09E=
-18,-15,4vRGb2VkulZH3yCw2+pWcpAvrrs=,wZjn2NAED2WieON+heXgy3vc09E=
-19,-15,4vRGb2VkulZH3yCw2+pWcpAvrrs=,wZjn2NAED2WieON+heXgy3vc09E=
-18,-13,4vRGb2VkulZH3yCw2+pWcpAvrrs=,wZjn2NAED2WieON+heXgy3vc09E=
-20,-15,4vRGb2VkulZH3yCw2+pWcpAvrrs=,wZjn2NAED2WieON+heXgy3vc09E=
-19,-13,4vRGb2VkulZH3yCw2+pWcpAvrrs=,wZjn2NAED2WieON+heXgy3vc09E=
-17,-14,4vRGb2VkulZH3yCw2+pWcpAvrrs=,wZjn2NAED2WieON+heXgy3vc09E=
-20,-2,4vRGb2VkulZH3yCw2+pWcpAvrrs=,oxdefCi8/3XC54Tl46GU430TVbw=
-18,-4,4vRGb2VkulZH3yCw2+pWcpAvrrs=,oxdefCi8/3XC54Tl46GU430TVbw=
-20,-3,4vRGb2VkulZH3yCw2+pWcpAvrrs=,oxdefCi8/3XC54Tl46GU430TVbw=
-20,-5,4vRGb2VkulZH3yCw2+pWcpAvrrs=,HlpQAfEEQItWGTe3z3jkKMAqJbA=
-19,-5,4vRGb2VkulZH3yCw2+pWcpAvrrs=,HlpQAfEEQItWGTe3z3jkKMAqJbA=
-18,-5,4vRGb2VkulZH3yCw2+pWcpAvrrs=,HlpQAfEEQItWGTe3z3jkKMAqJbA=
-19,-2,4vRGb2VkulZH3yCw2+pWcpAvrrs=,oxdefCi8/3XC54Tl46GU430TVbw=
-18,-2,4vRGb2VkulZH3yCw2+pWcpAvrrs=,oxdefCi8/3XC54Tl46GU430TVbw=
-19,-3,4vRGb2VkulZH3yCw2+pWcpAvrrs=,oxdefCi8/3XC54Tl46GU430TVbw=
-17,-5,4vRGb2VkulZH3yCw2+pWcpAvrrs=,HlpQAfEEQItWGTe3z3jkKMAqJbA=
-17,-1,4vRGb2VkulZH3yCw2+pWcpAvrrs=,oxdefCi8/3XC54Tl46GU430TVbw=
-17,-3,4vRGb2VkulZH3yCw2+pWcpAvrrs=,oxdefCi8/3XC54Tl46GU430TVbw=
-18,-1,4vRGb2VkulZH3yCw2+pWcpAvrrs=,oxdefCi8/3XC54Tl46GU430TVbw=
-18,-3,4vRGb2VkulZH3yCw2+pWcpAvrrs=,oxdefCi8/3XC54Tl46GU430TVbw=
-19,-4,4vRGb2VkulZH3yCw2+pWcpAvrrs=,oxdefCi8/3XC54Tl46GU430TVbw=
-19,-1,4vRGb2VkulZH3yCw2+pWcpAvrrs=,oxdefCi8/3XC54Tl46GU430TVbw=
-20,-4,4vRGb2VkulZH3yCw2+pWcpAvrrs=,oxdefCi8/3XC54Tl46GU430TVbw=
-20,-1,4vRGb2VkulZH3yCw2+pWcpAvrrs=,oxdefCi8/3XC54Tl46GU430TVbw=
-17,-2,4vRGb2VkulZH3yCw2+pWcpAvrrs=,oxdefCi8/3XC54Tl46GU430TVbw=
-17,-4,4vRGb2VkulZH3yCw2+pWcpAvrrs=,oxdefCi8/3XC54Tl46GU430TVbw=
-17,-8,uQNBD2RGFoLtiNfxWj/ozFIllTk=,HlpQAfEEQItWGTe3z3jkKMAqJbA=
-20,-16,uQNBD2RGFoLtiNfxWj/ozFIllTk=,wZjn2NAED2WieON+heXgy3vc09E=
-17,-16,uQNBD2RGFoLtiNfxWj/ozFIllTk=,wZjn2NAED2WieON+heXgy3vc09E=
-17,-13,uQNBD2RGFoLtiNfxWj/ozFIllTk=,wZjn2NAED2WieON+heXgy3vc09E=
-19,-16,uQNBD2RGFoLtiNfxWj/ozFIllTk=,wZjn2NAED2WieON+heXgy3vc09E=
-18,-16,uQNBD2RGFoLtiNfxWj/ozFIllTk=,wZjn2NAED2WieON+heXgy3vc09E=
